category,total_revenue,total_orders,items_sold,revenue_share_pct,revenue_per_order
Outerwear & Coats,325754.89,2178,2239,12.104912322639919,149.56606519742883
Jeans,314198.92,3077,3197,11.675497422212613,102.11209619759505
Sweaters,215078.63,2739,2818,7.99222985915426,78.52450894487039
Fashion Hoodies & Sweatshirts,162661.2,2896,2965,6.0444205896506915,56.16754143646409
Swim,158700.95,2628,2709,5.89725939423246,60.388489345509896
Suits & Sport Coats,157760.57,1199,1224,5.862315275818875,131.5767889908257
Sleep & Lounge,135007.0,2691,2775,5.016802350818579,50.16982534373839
Shorts,131440.83000000002,2715,2796,4.88428499957443,48.41282872928178
Tops & Tees,125036.37,2903,2995,4.646298006427974,43.07143300034447
Active,116730.41,2266,2330,4.337652086928948,51.5138614298323
Intimates,114680.67,3176,3421,4.261484625607928,36.10852329974811
Dresses,111816.20999999999,1348,1380,4.155042517703703,82.94971068249258
Pants,105637.45999999999,1750,1825,3.925442811576463,60.364262857142855
Accessories,100780.16,2382,2442,3.74494762200384,42.309051217464315
Blazers & Jackets,73742.97,811,825,2.7402572107545824,90.92844636251542
Maternity,64810.21,1262,1285,2.4083196714618187,51.35515847860539
Underwear,50510.51,1823,1878,1.876948938270203,27.707356006582557
Pants & Capris,46856.92,846,860,1.7411830972328697,55.38643026004728
Plus,39550.02,1020,1038,1.469661819838392,38.7745294117647
Socks,31035.09,1542,1597,1.1532506645571425,20.126517509727627
Suits,30450.27,264,269,1.131519003600261,115.34193181818182
Skirts,27781.04,539,542,1.0323315589575723,51.541818181818186
Leggings,22721.86,789,800,0.8443345949689322,28.79830164765526
Socks & Hosiery,15904.55,929,946,0.5910062724800315,17.120075349838537
Jumpsuits & Rompers,8647.38,204,205,0.3213329406062023,42.38911764705882
Clothing Sets,3801.56,42,43,0.14126434292131426,90.51333333333334
