month,category,total_orders,items_sold,revenue,average_item_price
2019-01-01,Suits & Sport Coats,1,1,59.95,59.95
2019-02-01,Outerwear & Coats,1,1,71.99,71.99
2019-02-01,Jeans,1,1,49.5,49.5
2019-02-01,Sleep & Lounge,1,1,44.99,44.99
2019-02-01,Leggings,1,1,16.99,16.99
2019-02-01,Blazers & Jackets,1,1,13.27,13.27
2019-03-01,Swim,1,2,100.2,50.1
2019-03-01,Accessories,2,2,73.99,36.99
2019-03-01,Maternity,2,2,67.6,33.8
2019-03-01,Shorts,1,1,59.99,59.99
2019-03-01,Intimates,2,2,52.99,26.49
2019-03-01,Underwear,1,1,39.99,39.99
2019-03-01,Sleep & Lounge,1,1,33.75,33.75
2019-03-01,Jeans,1,1,27.9,27.9
2019-03-01,Socks & Hosiery,1,2,25.99,12.99
2019-03-01,Pants & Capris,1,1,22.45,22.45
2019-03-01,Tops & Tees,1,1,21.69,21.69
2019-03-01,Socks,1,1,11.99,11.99
2019-04-01,Outerwear & Coats,1,1,160.0,160.0
2019-04-01,Blazers & Jackets,1,1,119.99,119.99
2019-04-01,Pants,1,2,109.99,55.0
2019-04-01,Swim,2,2,104.91,52.45
2019-04-01,Active,3,3,73.06,24.35
2019-04-01,Pants & Capris,1,1,60.11,60.11
2019-04-01,Shorts,1,1,49.94,49.94
2019-04-01,Sleep & Lounge,1,1,48.0,48.0
2019-04-01,Accessories,2,2,46.0,23.0
2019-04-01,Tops & Tees,1,1,44.0,44.0
2019-04-01,Leggings,1,1,9.95,9.95
2019-05-01,Jeans,2,2,190.89,95.45
2019-05-01,Swim,4,4,173.5,43.38
2019-05-01,Pants,2,2,144.99,72.5
2019-05-01,Intimates,3,3,144.45,48.15
2019-05-01,Dresses,1,1,81.0,81.0
2019-05-01,Tops & Tees,2,2,66.95,33.48
2019-05-01,Active,1,1,45.0,45.0
2019-05-01,Socks,3,3,24.5,8.17
2019-05-01,Leggings,1,1,21.95,21.95
2019-05-01,Skirts,1,1,14.49,14.49
2019-05-01,Plus,1,1,12.99,12.99
2019-06-01,Skirts,1,1,595.0,595.0
2019-06-01,Sleep & Lounge,1,2,205.77,102.89
2019-06-01,Jeans,1,1,189.0,189.0
2019-06-01,Outerwear & Coats,2,2,150.12,75.06
2019-06-01,Fashion Hoodies & Sweatshirts,3,3,127.9,42.63
2019-06-01,Intimates,3,3,111.79,37.26
2019-06-01,Tops & Tees,2,2,102.99,51.5
2019-06-01,Plus,2,2,77.94,38.97
2019-06-01,Underwear,2,2,51.0,25.5
2019-06-01,Sweaters,1,1,49.25,49.25
2019-06-01,Swim,1,1,44.0,44.0
2019-06-01,Shorts,1,1,39.5,39.5
2019-06-01,Dresses,1,1,38.99,38.99
2019-06-01,Maternity,1,1,29.0,29.0
2019-06-01,Leggings,1,1,21.95,21.95
2019-06-01,Pants & Capris,1,1,20.9,20.9
2019-06-01,Socks & Hosiery,1,1,10.99,10.99
2019-07-01,Jeans,5,5,763.49,152.7
2019-07-01,Outerwear & Coats,3,3,191.01,63.67
2019-07-01,Accessories,3,3,131.33,43.78
2019-07-01,Swim,4,4,118.55,29.64
2019-07-01,Shorts,2,2,113.99,57.0
2019-07-01,Intimates,2,2,104.9,52.45
2019-07-01,Tops & Tees,2,2,101.49,50.75
2019-07-01,Socks & Hosiery,3,3,82.95,27.65
2019-07-01,Fashion Hoodies & Sweatshirts,2,2,79.95,39.98
2019-07-01,Pants,1,1,78.2,78.2
2019-07-01,Sweaters,2,2,71.05,35.52
2019-07-01,Skirts,1,1,57.2,57.2
2019-07-01,Active,2,2,55.95,27.98
2019-07-01,Underwear,1,1,22.0,22.0
2019-07-01,Leggings,1,1,12.99,12.99
2019-08-01,Outerwear & Coats,3,3,549.95,183.32
2019-08-01,Intimates,5,5,519.99,104.0
2019-08-01,Jeans,3,4,373.1,93.27
2019-08-01,Sweaters,4,5,362.0,72.4
2019-08-01,Suits & Sport Coats,2,2,359.94,179.97
2019-08-01,Tops & Tees,2,2,187.95,93.98
2019-08-01,Fashion Hoodies & Sweatshirts,3,3,158.48,52.83
2019-08-01,Socks & Hosiery,2,2,83.95,41.97
2019-08-01,Maternity,1,1,68.86,68.86
2019-08-01,Underwear,3,3,61.9,20.63
2019-08-01,Swim,1,1,55.0,55.0
2019-08-01,Shorts,2,2,48.49,24.24
2019-08-01,Accessories,3,3,47.24,15.75
2019-08-01,Pants & Capris,1,1,39.0,39.0
2019-08-01,Plus,1,1,9.0,9.0
2019-08-01,Socks,1,1,8.0,8.0
2019-09-01,Maternity,1,1,194.0,194.0
2019-09-01,Sweaters,2,2,165.98,82.99
2019-09-01,Sleep & Lounge,3,4,154.18,38.55
2019-09-01,Swim,1,1,143.0,143.0
2019-09-01,Active,3,4,122.0,30.5
2019-09-01,Tops & Tees,4,4,117.19,29.3
2019-09-01,Jeans,1,1,92.0,92.0
2019-09-01,Fashion Hoodies & Sweatshirts,2,2,78.32,39.16
2019-09-01,Accessories,2,2,64.95,32.48
2019-09-01,Socks & Hosiery,3,3,55.45,18.48
2019-09-01,Shorts,1,1,49.5,49.5
2019-09-01,Dresses,1,1,35.0,35.0
2019-09-01,Intimates,1,1,34.99,34.99
2019-09-01,Outerwear & Coats,1,1,32.5,32.5
2019-09-01,Pants,1,1,24.91,24.91
2019-09-01,Socks,1,1,13.95,13.95
2019-10-01,Jeans,5,5,419.48,83.9
2019-10-01,Sweaters,6,6,393.2,65.53
2019-10-01,Fashion Hoodies & Sweatshirts,6,6,344.15,57.36
2019-10-01,Pants,2,2,244.58,122.29
2019-10-01,Sleep & Lounge,4,4,186.0,46.5
2019-10-01,Accessories,3,3,177.45,59.15
2019-10-01,Suits & Sport Coats,1,1,169.99,169.99
2019-10-01,Skirts,1,1,138.0,138.0
2019-10-01,Outerwear & Coats,1,1,135.0,135.0
2019-10-01,Active,2,2,124.0,62.0
2019-10-01,Swim,3,3,122.5,40.83
2019-10-01,Shorts,3,3,106.83,35.61
2019-10-01,Tops & Tees,3,3,91.94,30.65
2019-10-01,Pants & Capris,2,2,73.98,36.99
2019-10-01,Intimates,2,2,61.98,30.99
2019-10-01,Plus,3,3,56.73,18.91
2019-10-01,Underwear,2,2,47.0,23.5
2019-10-01,Maternity,1,1,27.3,27.3
2019-10-01,Socks & Hosiery,1,1,19.95,19.95
2019-10-01,Leggings,1,1,8.99,8.99
2019-11-01,Outerwear & Coats,3,3,1606.95,535.65
2019-11-01,Swim,6,6,516.97,86.16
2019-11-01,Pants,4,4,408.44,102.11
2019-11-01,Dresses,3,3,321.4,107.13
2019-11-01,Shorts,3,3,191.5,63.83
2019-11-01,Suits & Sport Coats,2,2,181.0,90.5
2019-11-01,Blazers & Jackets,2,2,179.0,89.5
2019-11-01,Active,4,4,173.56,43.39
2019-11-01,Accessories,3,3,116.0,38.67
2019-11-01,Tops & Tees,2,2,108.25,54.13
2019-11-01,Jeans,2,2,104.0,52.0
2019-11-01,Underwear,3,4,103.45,25.86
2019-11-01,Intimates,4,4,101.93,25.48
2019-11-01,Sleep & Lounge,3,3,94.95,31.65
2019-11-01,Plus,4,4,87.5,21.88
2019-11-01,Fashion Hoodies & Sweatshirts,2,2,77.99,38.99
2019-11-01,Socks,3,3,55.99,18.66
2019-11-01,Sweaters,1,1,47.07,47.07
2019-11-01,Pants & Capris,1,1,32.99,32.99
2019-11-01,Suits,1,1,19.99,19.99
2019-11-01,Socks & Hosiery,1,1,6.5,6.5
2019-12-01,Jeans,7,9,803.98,89.33
2019-12-01,Fashion Hoodies & Sweatshirts,6,6,472.01,78.67
2019-12-01,Sweaters,7,7,450.63,64.38
2019-12-01,Intimates,12,12,373.65,31.14
2019-12-01,Swim,7,8,344.87,43.11
2019-12-01,Outerwear & Coats,3,3,334.99,111.66
2019-12-01,Accessories,3,3,298.44,99.48
2019-12-01,Dresses,4,4,239.25,59.81
2019-12-01,Shorts,4,4,178.95,44.74
2019-12-01,Active,3,3,144.99,48.33
2019-12-01,Maternity,3,3,134.48,44.83
2019-12-01,Sleep & Lounge,4,4,130.94,32.74
2019-12-01,Pants & Capris,1,1,88.0,88.0
2019-12-01,Pants,3,3,74.58,24.86
2019-12-01,Leggings,1,1,66.0,66.0
2019-12-01,Plus,2,2,47.68,23.84
2019-12-01,Tops & Tees,1,1,33.95,33.95
2019-12-01,Skirts,1,1,25.0,25.0
2019-12-01,Socks,2,2,23.13,11.57
2019-12-01,Underwear,2,2,20.49,10.24
2020-01-01,Jeans,4,4,352.66,88.16
2020-01-01,Outerwear & Coats,2,2,334.01,167.0
2020-01-01,Sleep & Lounge,2,2,321.0,160.5
2020-01-01,Sweaters,2,2,238.99,119.5
2020-01-01,Intimates,6,6,227.16,37.86
2020-01-01,Pants,4,4,184.86,46.22
2020-01-01,Tops & Tees,3,4,130.38,32.6
2020-01-01,Shorts,4,4,125.45,31.36
2020-01-01,Dresses,3,3,123.85,41.28
2020-01-01,Maternity,3,3,122.1,40.7
2020-01-01,Skirts,2,2,116.95,58.48
2020-01-01,Swim,3,3,96.4,32.13
2020-01-01,Active,3,3,95.0,31.67
2020-01-01,Blazers & Jackets,2,2,94.89,47.44
2020-01-01,Pants & Capris,2,2,75.98,37.99
2020-01-01,Accessories,3,3,66.98,22.33
2020-01-01,Socks & Hosiery,2,2,44.99,22.49
2020-01-01,Fashion Hoodies & Sweatshirts,1,1,34.98,34.98
2020-01-01,Plus,2,2,34.36,17.18
2020-01-01,Socks,2,2,31.0,15.5
2020-01-01,Underwear,1,1,22.0,22.0
2020-01-01,Suits & Sport Coats,1,1,16.99,16.99
2020-02-01,Pants,6,6,327.08,54.51
2020-02-01,Outerwear & Coats,2,2,303.95,151.97
2020-02-01,Jeans,3,3,291.49,97.16
2020-02-01,Accessories,6,6,285.87,47.64
2020-02-01,Tops & Tees,5,5,236.92,47.38
2020-02-01,Pants & Capris,2,2,222.98,111.49
2020-02-01,Maternity,2,2,221.98,110.99
2020-02-01,Shorts,5,5,207.98,41.6
2020-02-01,Sweaters,3,3,178.2,59.4
2020-02-01,Active,5,5,169.16,33.83
2020-02-01,Swim,3,3,152.99,51.0
2020-02-01,Fashion Hoodies & Sweatshirts,4,4,144.66,36.16
2020-02-01,Sleep & Lounge,3,3,123.89,41.3
2020-02-01,Intimates,3,3,110.0,36.67
2020-02-01,Underwear,3,3,57.66,19.22
2020-02-01,Dresses,1,1,53.2,53.2
2020-02-01,Jumpsuits & Rompers,1,1,39.5,39.5
2020-02-01,Suits & Sport Coats,1,1,36.95,36.95
2020-02-01,Skirts,1,1,22.99,22.99
2020-02-01,Socks,2,2,21.99,10.99
2020-02-01,Socks & Hosiery,1,1,12.0,12.0
2020-02-01,Plus,1,1,12.0,12.0
2020-02-01,Leggings,1,1,8.99,8.99
2020-03-01,Outerwear & Coats,5,5,1056.23,211.25
2020-03-01,Sweaters,10,10,1021.76,102.18
2020-03-01,Jeans,6,6,611.57,101.93
2020-03-01,Maternity,6,6,333.88,55.65
2020-03-01,Dresses,6,6,297.48,49.58
2020-03-01,Pants,5,5,260.38,52.08
2020-03-01,Fashion Hoodies & Sweatshirts,7,7,253.75,36.25
2020-03-01,Shorts,4,4,206.05,51.51
2020-03-01,Swim,5,5,190.12,38.02
2020-03-01,Sleep & Lounge,5,5,156.88,31.38
2020-03-01,Intimates,5,5,135.33,27.07
2020-03-01,Suits & Sport Coats,3,3,131.22,43.74
2020-03-01,Underwear,4,5,115.47,23.09
2020-03-01,Blazers & Jackets,2,2,101.67,50.84
2020-03-01,Active,2,2,72.99,36.5
2020-03-01,Socks,2,2,52.98,26.49
2020-03-01,Tops & Tees,2,2,39.45,19.72
2020-03-01,Accessories,3,3,31.17,10.39
2020-03-01,Skirts,1,1,9.16,9.16
2020-03-01,Plus,1,1,6.25,6.25
2020-04-01,Sweaters,9,9,757.81,84.2
2020-04-01,Pants,6,6,403.33,67.22
2020-04-01,Swim,7,7,401.03,57.29
2020-04-01,Shorts,8,9,385.61,42.85
2020-04-01,Dresses,5,5,335.76,67.15
2020-04-01,Tops & Tees,5,5,308.89,61.78
2020-04-01,Outerwear & Coats,3,3,298.49,99.5
2020-04-01,Jeans,4,4,234.98,58.74
2020-04-01,Intimates,4,4,137.99,34.5
2020-04-01,Fashion Hoodies & Sweatshirts,2,2,97.44,48.72
2020-04-01,Socks & Hosiery,3,3,82.96,27.65
2020-04-01,Blazers & Jackets,2,2,65.05,32.53
2020-04-01,Socks,3,3,64.99,21.66
2020-04-01,Sleep & Lounge,3,3,61.98,20.66
2020-04-01,Underwear,1,2,60.3,30.15
2020-04-01,Maternity,2,2,39.71,19.86
2020-04-01,Skirts,1,1,20.99,20.99
2020-04-01,Accessories,1,1,16.99,16.99
2020-04-01,Suits,1,1,16.99,16.99
2020-04-01,Active,1,1,11.53,11.53
2020-05-01,Sweaters,3,3,486.5,162.17
2020-05-01,Jeans,6,6,401.99,67.0
2020-05-01,Suits & Sport Coats,2,2,312.84,156.42
2020-05-01,Tops & Tees,8,8,290.07,36.26
2020-05-01,Outerwear & Coats,3,3,271.99,90.66
2020-05-01,Swim,3,4,266.49,66.62
2020-05-01,Pants,5,5,252.17,50.43
2020-05-01,Sleep & Lounge,3,3,196.99,65.66
2020-05-01,Shorts,2,2,138.55,69.27
2020-05-01,Accessories,4,4,135.57,33.89
2020-05-01,Suits,1,1,132.0,132.0
2020-05-01,Socks,7,8,131.84,16.48
2020-05-01,Underwear,5,5,122.32,24.46
2020-05-01,Maternity,3,3,120.96,40.32
2020-05-01,Intimates,5,5,114.77,22.95
2020-05-01,Active,5,5,106.18,21.24
2020-05-01,Pants & Capris,3,3,105.16,35.05
2020-05-01,Fashion Hoodies & Sweatshirts,2,2,89.99,44.99
2020-05-01,Skirts,2,2,59.99,30.0
2020-05-01,Dresses,2,2,49.26,24.63
2020-05-01,Plus,1,1,31.0,31.0
2020-05-01,Leggings,1,1,27.99,27.99
2020-05-01,Socks & Hosiery,2,2,22.99,11.49
2020-05-01,Blazers & Jackets,1,1,13.25,13.25
2020-06-01,Tops & Tees,14,14,916.58,65.47
2020-06-01,Jeans,8,8,802.41,100.3
2020-06-01,Outerwear & Coats,4,4,694.78,173.7
2020-06-01,Sweaters,9,9,598.73,66.53
2020-06-01,Suits & Sport Coats,5,5,528.96,105.79
2020-06-01,Accessories,7,7,523.97,74.85
2020-06-01,Shorts,8,9,514.48,57.16
2020-06-01,Sleep & Lounge,5,5,350.95,70.19
2020-06-01,Dresses,2,2,329.42,164.71
2020-06-01,Swim,5,5,310.57,62.11
2020-06-01,Intimates,8,8,279.76,34.97
2020-06-01,Fashion Hoodies & Sweatshirts,4,4,210.8,52.7
2020-06-01,Active,7,7,197.86,28.27
2020-06-01,Blazers & Jackets,3,4,181.84,45.46
2020-06-01,Pants,2,2,147.94,73.97
2020-06-01,Plus,4,4,122.84,30.71
2020-06-01,Maternity,2,2,117.1,58.55
2020-06-01,Underwear,4,4,116.38,29.09
2020-06-01,Pants & Capris,1,1,31.99,31.99
2020-06-01,Leggings,1,1,29.99,29.99
2020-06-01,Skirts,1,1,25.0,25.0
2020-06-01,Socks & Hosiery,1,1,15.99,15.99
2020-06-01,Socks,1,1,14.0,14.0
2020-07-01,Outerwear & Coats,4,4,1842.95,460.74
2020-07-01,Swim,12,12,736.92,61.41
2020-07-01,Pants,5,6,513.98,85.66
2020-07-01,Fashion Hoodies & Sweatshirts,7,8,491.41,61.43
2020-07-01,Suits & Sport Coats,4,4,478.44,119.61
2020-07-01,Jeans,4,4,356.99,89.25
2020-07-01,Sleep & Lounge,7,7,300.39,42.91
2020-07-01,Sweaters,6,6,287.22,47.87
2020-07-01,Pants & Capris,3,3,274.45,91.48
2020-07-01,Tops & Tees,8,8,260.38,32.55
2020-07-01,Shorts,5,6,223.09,37.18
2020-07-01,Underwear,5,5,127.0,25.4
2020-07-01,Jumpsuits & Rompers,2,2,121.5,60.75
2020-07-01,Accessories,4,4,107.14,26.79
2020-07-01,Intimates,5,5,101.43,20.29
2020-07-01,Socks,5,5,80.98,16.2
2020-07-01,Plus,3,3,77.94,25.98
2020-07-01,Maternity,2,2,42.48,21.24
2020-07-01,Socks & Hosiery,2,2,41.99,20.99
2020-07-01,Active,1,1,18.95,18.95
2020-07-01,Leggings,1,1,9.99,9.99
2020-08-01,Outerwear & Coats,6,6,2065.96,344.33
2020-08-01,Sweaters,9,10,873.14,87.31
2020-08-01,Suits & Sport Coats,3,3,282.22,94.07
2020-08-01,Maternity,4,4,269.7,67.42
2020-08-01,Shorts,6,6,256.65,42.78
2020-08-01,Jeans,3,3,245.98,81.99
2020-08-01,Intimates,6,6,238.3,39.72
2020-08-01,Fashion Hoodies & Sweatshirts,5,5,220.04,44.01
2020-08-01,Underwear,5,5,197.63,39.53
2020-08-01,Active,2,2,182.05,91.02
2020-08-01,Sleep & Lounge,6,6,175.97,29.33
2020-08-01,Plus,5,5,172.07,34.41
2020-08-01,Clothing Sets,1,1,169.0,169.0
2020-08-01,Accessories,4,4,166.93,41.73
2020-08-01,Tops & Tees,6,6,166.06,27.68
2020-08-01,Swim,3,3,134.0,44.67
2020-08-01,Pants,2,2,127.94,63.97
2020-08-01,Skirts,2,2,122.98,61.49
2020-08-01,Socks,5,6,89.94,14.99
2020-08-01,Pants & Capris,3,3,82.89,27.63
2020-08-01,Blazers & Jackets,3,3,71.13,23.71
2020-08-01,Dresses,2,2,62.77,31.39
2020-08-01,Leggings,1,1,52.95,52.95
2020-08-01,Socks & Hosiery,2,2,51.99,25.99
2020-09-01,Suits & Sport Coats,5,5,1131.28,226.26
2020-09-01,Active,5,6,1059.93,176.65
2020-09-01,Swim,12,13,641.0,49.31
2020-09-01,Pants & Capris,6,6,387.43,64.57
2020-09-01,Sleep & Lounge,10,10,372.61,37.26
2020-09-01,Fashion Hoodies & Sweatshirts,7,7,362.86,51.84
2020-09-01,Accessories,9,9,326.18,36.24
2020-09-01,Shorts,8,8,324.06,40.51
2020-09-01,Outerwear & Coats,2,2,305.12,152.56
2020-09-01,Tops & Tees,5,5,223.38,44.68
2020-09-01,Sweaters,4,4,197.54,49.39
2020-09-01,Intimates,6,6,193.64,32.27
2020-09-01,Jeans,2,2,158.0,79.0
2020-09-01,Dresses,3,3,149.78,49.93
2020-09-01,Jumpsuits & Rompers,1,1,91.43,91.43
2020-09-01,Leggings,2,2,77.99,38.99
2020-09-01,Pants,1,1,65.0,65.0
2020-09-01,Socks,4,4,52.1,13.02
2020-09-01,Maternity,2,2,48.97,24.49
2020-09-01,Socks & Hosiery,2,3,42.7,14.23
2020-09-01,Plus,2,2,41.99,20.99
2020-09-01,Skirts,1,1,36.0,36.0
2020-09-01,Underwear,1,1,30.0,30.0
2020-10-01,Outerwear & Coats,11,11,1444.96,131.36
2020-10-01,Jeans,9,9,1090.97,121.22
2020-10-01,Sweaters,9,9,819.55,91.06
2020-10-01,Sleep & Lounge,10,10,513.38,51.34
2020-10-01,Dresses,6,7,421.83,60.26
2020-10-01,Swim,10,10,417.54,41.75
2020-10-01,Suits & Sport Coats,3,3,415.93,138.64
2020-10-01,Tops & Tees,9,9,346.13,38.46
2020-10-01,Intimates,11,11,334.99,30.45
2020-10-01,Shorts,6,6,295.03,49.17
2020-10-01,Maternity,4,4,288.0,72.0
2020-10-01,Clothing Sets,2,2,223.0,111.5
2020-10-01,Active,7,7,190.44,27.21
2020-10-01,Pants & Capris,5,5,179.9,35.98
2020-10-01,Fashion Hoodies & Sweatshirts,3,3,146.49,48.83
2020-10-01,Suits,1,1,127.51,127.51
2020-10-01,Accessories,4,4,121.67,30.42
2020-10-01,Underwear,5,5,113.27,22.65
2020-10-01,Socks & Hosiery,3,3,65.0,21.67
2020-10-01,Plus,2,2,42.99,21.49
2020-10-01,Socks,2,2,36.98,18.49
2020-10-01,Skirts,1,1,31.5,31.5
2020-10-01,Pants,1,1,25.0,25.0
2020-10-01,Blazers & Jackets,1,1,13.93,13.93
2020-10-01,Leggings,1,1,6.99,6.99
2020-11-01,Outerwear & Coats,7,7,841.9,120.27
2020-11-01,Sweaters,12,13,822.29,63.25
2020-11-01,Fashion Hoodies & Sweatshirts,11,11,586.06,53.28
2020-11-01,Sleep & Lounge,10,11,431.1,39.19
2020-11-01,Jeans,6,6,390.39,65.07
2020-11-01,Tops & Tees,6,6,346.74,57.79
2020-11-01,Pants & Capris,4,4,345.93,86.48
2020-11-01,Accessories,6,6,302.27,50.38
2020-11-01,Dresses,3,3,275.56,91.85
2020-11-01,Shorts,4,4,271.49,67.87
2020-11-01,Intimates,6,6,174.88,29.15
2020-11-01,Underwear,8,8,173.75,21.72
2020-11-01,Skirts,3,3,149.1,49.7
2020-11-01,Swim,2,2,124.99,62.49
2020-11-01,Plus,6,6,121.93,20.32
2020-11-01,Active,3,3,116.98,38.99
2020-11-01,Blazers & Jackets,3,3,112.87,37.62
2020-11-01,Socks,6,6,107.34,17.89
2020-11-01,Maternity,3,3,106.98,35.66
2020-11-01,Suits & Sport Coats,1,1,79.9,79.9
2020-11-01,Pants,1,1,39.99,39.99
2020-11-01,Leggings,1,1,13.99,13.99
2020-11-01,Jumpsuits & Rompers,1,1,10.99,10.99
2020-12-01,Jeans,12,12,1011.87,84.32
2020-12-01,Sweaters,13,14,967.47,69.1
2020-12-01,Outerwear & Coats,5,5,758.68,151.74
2020-12-01,Suits & Sport Coats,5,6,684.77,114.13
2020-12-01,Sleep & Lounge,10,10,484.63,48.46
2020-12-01,Swim,9,9,479.36,53.26
2020-12-01,Tops & Tees,8,8,411.94,51.49
2020-12-01,Shorts,8,8,402.42,50.3
2020-12-01,Dresses,8,8,396.3,49.54
2020-12-01,Fashion Hoodies & Sweatshirts,7,7,349.35,49.91
2020-12-01,Accessories,9,9,306.15,34.02
2020-12-01,Maternity,3,3,239.97,79.99
2020-12-01,Underwear,9,9,238.44,26.49
2020-12-01,Leggings,4,4,230.44,57.61
2020-12-01,Pants & Capris,2,2,212.99,106.5
2020-12-01,Intimates,6,7,197.23,28.18
2020-12-01,Skirts,3,3,175.99,58.66
2020-12-01,Plus,4,4,155.17,38.79
2020-12-01,Suits,1,1,136.17,136.17
2020-12-01,Active,3,3,128.74,42.91
2020-12-01,Pants,4,4,121.86,30.47
2020-12-01,Socks,8,8,111.01,13.88
2020-12-01,Blazers & Jackets,1,1,69.99,69.99
2020-12-01,Socks & Hosiery,3,3,47.48,15.83
2021-01-01,Jeans,13,13,1449.23,111.48
2021-01-01,Suits & Sport Coats,6,7,847.33,121.05
2021-01-01,Swim,14,14,825.67,58.98
2021-01-01,Tops & Tees,15,15,817.41,54.49
2021-01-01,Outerwear & Coats,5,5,815.86,163.17
2021-01-01,Blazers & Jackets,4,4,652.44,163.11
2021-01-01,Pants,10,10,631.5,63.15
2021-01-01,Fashion Hoodies & Sweatshirts,9,10,575.81,57.58
2021-01-01,Sleep & Lounge,10,11,574.22,52.2
2021-01-01,Sweaters,7,8,557.08,69.64
2021-01-01,Active,14,16,538.68,33.67
2021-01-01,Pants & Capris,6,6,444.39,74.07
2021-01-01,Intimates,10,11,356.21,32.38
2021-01-01,Shorts,9,9,352.07,39.12
2021-01-01,Underwear,13,13,328.68,25.28
2021-01-01,Dresses,6,7,327.94,46.85
2021-01-01,Maternity,4,4,298.43,74.61
2021-01-01,Skirts,3,3,269.99,90.0
2021-01-01,Accessories,13,14,231.91,16.57
2021-01-01,Socks,8,8,139.59,17.45
2021-01-01,Plus,2,2,86.51,43.26
2021-01-01,Clothing Sets,1,1,69.0,69.0
2021-01-01,Leggings,2,2,59.9,29.95
2021-01-01,Socks & Hosiery,3,3,52.9,17.63
2021-01-01,Suits,1,1,21.99,21.99
2021-01-01,Jumpsuits & Rompers,1,1,11.24,11.24
2021-02-01,Jeans,15,15,1337.24,89.15
2021-02-01,Active,14,14,738.23,52.73
2021-02-01,Sleep & Lounge,9,9,653.53,72.61
2021-02-01,Fashion Hoodies & Sweatshirts,11,11,576.21,52.38
2021-02-01,Sweaters,8,9,572.21,63.58
2021-02-01,Outerwear & Coats,5,5,542.47,108.49
2021-02-01,Intimates,13,13,505.68,38.9
2021-02-01,Maternity,7,8,432.3,54.04
2021-02-01,Tops & Tees,9,9,421.75,46.86
2021-02-01,Shorts,7,7,386.4,55.2
2021-02-01,Accessories,9,11,351.14,31.92
2021-02-01,Swim,11,11,343.93,31.27
2021-02-01,Pants,6,6,312.91,52.15
2021-02-01,Dresses,3,3,297.4,99.13
2021-02-01,Underwear,7,7,165.95,23.71
2021-02-01,Plus,4,4,117.92,29.48
2021-02-01,Suits,1,1,98.08,98.08
2021-02-01,Socks,3,3,67.17,22.39
2021-02-01,Skirts,1,1,62.0,62.0
2021-02-01,Clothing Sets,1,1,57.99,57.99
2021-02-01,Pants & Capris,2,2,54.98,27.49
2021-02-01,Blazers & Jackets,2,2,45.4,22.7
2021-02-01,Suits & Sport Coats,1,1,36.95,36.95
2021-02-01,Jumpsuits & Rompers,1,1,31.0,31.0
2021-02-01,Socks & Hosiery,1,1,25.0,25.0
2021-02-01,Leggings,1,1,21.95,21.95
2021-03-01,Sweaters,9,9,1345.47,149.5
2021-03-01,Jeans,13,14,1087.89,77.71
2021-03-01,Swim,13,13,894.57,68.81
2021-03-01,Dresses,8,8,823.16,102.89
2021-03-01,Shorts,13,13,708.54,54.5
2021-03-01,Outerwear & Coats,4,4,682.56,170.64
2021-03-01,Sleep & Lounge,11,13,660.66,50.82
2021-03-01,Fashion Hoodies & Sweatshirts,13,14,582.65,41.62
2021-03-01,Tops & Tees,17,18,571.12,31.73
2021-03-01,Maternity,7,7,516.22,73.75
2021-03-01,Active,9,10,451.66,45.17
2021-03-01,Intimates,15,16,396.18,24.76
2021-03-01,Pants,8,8,321.14,40.14
2021-03-01,Accessories,11,12,313.22,26.1
2021-03-01,Blazers & Jackets,2,2,225.0,112.5
2021-03-01,Plus,7,7,181.91,25.99
2021-03-01,Suits,1,1,169.95,169.95
2021-03-01,Socks,5,5,96.6,19.32
2021-03-01,Underwear,3,3,84.98,28.33
2021-03-01,Pants & Capris,3,3,80.09,26.7
2021-03-01,Leggings,3,3,59.85,19.95
2021-03-01,Skirts,2,2,53.0,26.5
2021-03-01,Socks & Hosiery,2,2,20.44,10.22
2021-03-01,Jumpsuits & Rompers,1,1,12.06,12.06
2021-04-01,Suits & Sport Coats,8,8,1246.3,155.79
2021-04-01,Jeans,8,8,684.35,85.54
2021-04-01,Sweaters,11,11,618.31,56.21
2021-04-01,Outerwear & Coats,7,7,612.24,87.46
2021-04-01,Fashion Hoodies & Sweatshirts,11,12,609.8,50.82
2021-04-01,Shorts,10,10,504.72,50.47
2021-04-01,Tops & Tees,10,10,407.15,40.72
2021-04-01,Dresses,5,6,345.98,57.66
2021-04-01,Active,8,8,342.61,42.83
2021-04-01,Sleep & Lounge,6,6,264.81,44.13
2021-04-01,Accessories,10,11,257.11,23.37
2021-04-01,Swim,5,5,232.88,46.58
2021-04-01,Suits,2,2,228.07,114.04
2021-04-01,Intimates,8,10,216.2,21.62
2021-04-01,Pants,3,3,198.69,66.23
2021-04-01,Underwear,7,7,181.9,25.99
2021-04-01,Maternity,2,3,108.6,36.2
2021-04-01,Blazers & Jackets,1,1,73.15,73.15
2021-04-01,Socks,4,4,69.69,17.42
2021-04-01,Skirts,2,2,53.98,26.99
2021-04-01,Socks & Hosiery,3,3,51.94,17.31
2021-04-01,Leggings,2,2,39.94,19.97
2021-04-01,Pants & Capris,2,2,38.09,19.05
2021-04-01,Plus,1,1,12.95,12.95
2021-05-01,Outerwear & Coats,8,8,2186.93,273.37
2021-05-01,Jeans,12,13,1498.85,115.3
2021-05-01,Dresses,9,10,1210.08,121.01
2021-05-01,Sweaters,11,11,915.38,83.22
2021-05-01,Pants,12,12,898.66,74.89
2021-05-01,Sleep & Lounge,17,19,868.2,45.69
2021-05-01,Fashion Hoodies & Sweatshirts,13,14,768.49,54.89
2021-05-01,Suits & Sport Coats,4,4,637.86,159.46
2021-05-01,Accessories,11,11,636.37,57.85
2021-05-01,Swim,8,8,555.63,69.45
2021-05-01,Tops & Tees,16,16,555.35,34.71
2021-05-01,Intimates,11,12,496.01,41.33
2021-05-01,Shorts,8,9,412.15,45.79
2021-05-01,Plus,6,6,365.44,60.91
2021-05-01,Suits,3,3,330.93,110.31
2021-05-01,Leggings,6,6,251.58,41.93
2021-05-01,Active,6,7,243.42,34.77
2021-05-01,Blazers & Jackets,2,2,230.25,115.13
2021-05-01,Underwear,9,10,229.18,22.92
2021-05-01,Socks,6,7,214.84,30.69
2021-05-01,Maternity,4,4,158.46,39.61
2021-05-01,Jumpsuits & Rompers,4,4,132.2,33.05
2021-05-01,Skirts,2,2,113.49,56.74
2021-05-01,Pants & Capris,2,2,77.79,38.9
2021-05-01,Socks & Hosiery,2,2,38.99,19.49
2021-06-01,Outerwear & Coats,7,7,1463.35,209.05
2021-06-01,Fashion Hoodies & Sweatshirts,15,16,806.73,50.42
2021-06-01,Sweaters,14,14,771.46,55.1
2021-06-01,Sleep & Lounge,16,16,722.41,45.15
2021-06-01,Pants,13,13,709.15,54.55
2021-06-01,Swim,13,13,687.12,52.86
2021-06-01,Shorts,14,15,685.28,45.69
2021-06-01,Jeans,9,9,669.63,74.4
2021-06-01,Skirts,1,1,598.0,598.0
2021-06-01,Suits & Sport Coats,5,5,594.28,118.86
2021-06-01,Intimates,14,19,577.82,30.41
2021-06-01,Tops & Tees,11,11,440.35,40.03
2021-06-01,Accessories,10,10,373.79,37.38
2021-06-01,Dresses,4,4,358.22,89.55
2021-06-01,Plus,3,3,259.27,86.42
2021-06-01,Maternity,4,4,256.17,64.04
2021-06-01,Blazers & Jackets,3,3,209.08,69.69
2021-06-01,Leggings,4,4,186.86,46.72
2021-06-01,Underwear,8,8,175.48,21.93
2021-06-01,Pants & Capris,4,4,158.94,39.73
2021-06-01,Active,4,4,123.26,30.81
2021-06-01,Clothing Sets,1,1,109.99,109.99
2021-06-01,Socks,6,6,81.3,13.55
2021-06-01,Socks & Hosiery,5,5,77.43,15.49
2021-06-01,Jumpsuits & Rompers,1,1,11.18,11.18
2021-07-01,Jeans,10,10,972.17,97.22
2021-07-01,Sleep & Lounge,15,15,926.23,61.75
2021-07-01,Blazers & Jackets,4,4,814.38,203.59
2021-07-01,Accessories,17,17,809.43,47.61
2021-07-01,Fashion Hoodies & Sweatshirts,14,15,754.8,50.32
2021-07-01,Swim,9,9,688.94,76.55
2021-07-01,Suits & Sport Coats,3,3,624.97,208.32
2021-07-01,Tops & Tees,13,15,609.51,40.63
2021-07-01,Pants,11,11,588.18,53.47
2021-07-01,Outerwear & Coats,7,7,578.59,82.66
2021-07-01,Pants & Capris,6,6,560.56,93.43
2021-07-01,Sweaters,9,10,525.9,52.59
2021-07-01,Active,12,16,473.32,29.58
2021-07-01,Underwear,12,16,418.57,26.16
2021-07-01,Dresses,4,4,367.95,91.99
2021-07-01,Shorts,8,8,312.31,39.04
2021-07-01,Maternity,4,4,291.29,72.82
2021-07-01,Intimates,11,11,275.19,25.02
2021-07-01,Leggings,5,5,193.8,38.76
2021-07-01,Suits,1,1,176.56,176.56
2021-07-01,Skirts,5,5,132.69,26.54
2021-07-01,Plus,4,4,101.98,25.5
2021-07-01,Socks & Hosiery,6,6,92.49,15.41
2021-07-01,Socks,4,5,86.76,17.35
2021-07-01,Jumpsuits & Rompers,1,1,10.41,10.41
2021-08-01,Jeans,14,15,1367.49,91.17
2021-08-01,Outerwear & Coats,9,11,1353.42,123.04
2021-08-01,Sweaters,8,9,1316.99,146.33
2021-08-01,Active,15,18,1087.01,60.39
2021-08-01,Fashion Hoodies & Sweatshirts,14,15,987.79,65.85
2021-08-01,Suits & Sport Coats,4,4,809.31,202.33
2021-08-01,Accessories,9,10,693.41,69.34
2021-08-01,Swim,11,11,564.27,51.3
2021-08-01,Shorts,10,11,512.25,46.57
2021-08-01,Pants & Capris,7,7,416.86,59.55
2021-08-01,Plus,5,6,368.72,61.45
2021-08-01,Dresses,7,7,359.19,51.31
2021-08-01,Sleep & Lounge,10,10,350.34,35.03
2021-08-01,Tops & Tees,7,8,323.47,40.43
2021-08-01,Suits,2,2,315.0,157.5
2021-08-01,Blazers & Jackets,3,3,309.55,103.18
2021-08-01,Leggings,5,5,288.83,57.77
2021-08-01,Intimates,8,8,256.19,32.02
2021-08-01,Pants,5,5,250.08,50.02
2021-08-01,Skirts,3,3,172.62,57.54
2021-08-01,Underwear,7,8,148.97,18.62
2021-08-01,Socks & Hosiery,7,7,117.36,16.77
2021-08-01,Maternity,2,2,111.46,55.73
2021-08-01,Jumpsuits & Rompers,4,4,77.14,19.28
2021-08-01,Socks,5,5,54.94,10.99
2021-09-01,Outerwear & Coats,8,8,2039.56,254.94
2021-09-01,Jeans,16,19,1637.86,86.2
2021-09-01,Active,20,21,1006.69,47.94
2021-09-01,Intimates,22,23,1001.66,43.55
2021-09-01,Shorts,16,17,674.42,39.67
2021-09-01,Fashion Hoodies & Sweatshirts,11,11,651.91,59.26
2021-09-01,Sleep & Lounge,13,13,608.93,46.84
2021-09-01,Swim,10,10,601.45,60.15
2021-09-01,Suits & Sport Coats,6,6,581.0,96.83
2021-09-01,Sweaters,8,8,534.4,66.8
2021-09-01,Maternity,9,9,490.11,54.46
2021-09-01,Tops & Tees,13,14,482.74,34.48
2021-09-01,Pants,7,7,444.77,63.54
2021-09-01,Dresses,5,5,331.58,66.32
2021-09-01,Blazers & Jackets,4,4,291.7,72.92
2021-09-01,Accessories,9,9,289.06,32.12
2021-09-01,Pants & Capris,4,4,278.6,69.65
2021-09-01,Underwear,11,11,265.93,24.18
2021-09-01,Socks,10,10,218.97,21.9
2021-09-01,Socks & Hosiery,5,5,131.55,26.31
2021-09-01,Clothing Sets,1,1,120.0,120.0
2021-09-01,Plus,8,8,97.3,12.16
2021-09-01,Leggings,3,3,52.48,17.49
2021-09-01,Skirts,2,2,48.89,24.44
2021-09-01,Jumpsuits & Rompers,2,2,22.89,11.45
2021-10-01,Outerwear & Coats,7,7,953.36,136.19
2021-10-01,Jeans,8,8,922.96,115.37
2021-10-01,Suits & Sport Coats,6,6,783.34,130.56
2021-10-01,Sweaters,14,14,761.48,54.39
2021-10-01,Shorts,16,16,727.87,45.49
2021-10-01,Sleep & Lounge,14,14,709.38,50.67
2021-10-01,Tops & Tees,11,11,551.91,50.17
2021-10-01,Swim,11,11,543.56,49.41
2021-10-01,Blazers & Jackets,3,3,527.0,175.67
2021-10-01,Dresses,4,4,392.37,98.09
2021-10-01,Pants,4,4,389.48,97.37
2021-10-01,Fashion Hoodies & Sweatshirts,7,7,361.67,51.67
2021-10-01,Intimates,9,9,356.93,39.66
2021-10-01,Accessories,9,9,328.86,36.54
2021-10-01,Pants & Capris,6,6,316.3,52.72
2021-10-01,Active,8,8,297.99,37.25
2021-10-01,Maternity,4,4,260.99,65.25
2021-10-01,Underwear,9,9,256.42,28.49
2021-10-01,Plus,6,6,152.1,25.35
2021-10-01,Socks,5,6,114.14,19.02
2021-10-01,Socks & Hosiery,4,4,60.09,15.02
2021-10-01,Leggings,5,5,59.38,11.88
2021-10-01,Skirts,1,1,57.2,57.2
2021-10-01,Suits,1,1,19.99,19.99
2021-10-01,Jumpsuits & Rompers,1,1,17.27,17.27
2021-11-01,Outerwear & Coats,12,12,2343.26,195.27
2021-11-01,Sweaters,13,13,1407.9,108.3
2021-11-01,Jeans,11,11,1355.03,123.18
2021-11-01,Suits & Sport Coats,5,5,1067.46,213.49
2021-11-01,Accessories,13,13,991.67,76.28
2021-11-01,Fashion Hoodies & Sweatshirts,15,16,799.94,50.0
2021-11-01,Tops & Tees,20,20,751.97,37.6
2021-11-01,Swim,12,12,715.32,59.61
2021-11-01,Active,11,11,477.48,43.41
2021-11-01,Sleep & Lounge,9,9,398.1,44.23
2021-11-01,Intimates,14,14,372.88,26.63
2021-11-01,Shorts,10,10,355.41,35.54
2021-11-01,Underwear,9,9,253.48,28.16
2021-11-01,Skirts,3,3,222.14,74.05
2021-11-01,Maternity,6,6,214.5,35.75
2021-11-01,Pants,5,5,202.98,40.6
2021-11-01,Blazers & Jackets,1,1,175.0,175.0
2021-11-01,Pants & Capris,3,3,166.8,55.6
2021-11-01,Suits,1,1,150.0,150.0
2021-11-01,Socks & Hosiery,7,7,127.93,18.28
2021-11-01,Dresses,4,4,126.18,31.55
2021-11-01,Socks,5,5,98.9,19.78
2021-11-01,Jumpsuits & Rompers,1,1,52.99,52.99
2021-11-01,Plus,4,4,50.37,12.59
2021-11-01,Leggings,1,1,9.95,9.95
2021-12-01,Outerwear & Coats,16,17,2340.28,137.66
2021-12-01,Jeans,17,19,2201.59,115.87
2021-12-01,Accessories,19,20,1120.25,56.01
2021-12-01,Fashion Hoodies & Sweatshirts,15,16,993.12,62.07
2021-12-01,Sweaters,12,13,927.41,71.34
2021-12-01,Dresses,5,5,773.4,154.68
2021-12-01,Intimates,18,19,761.44,40.08
2021-12-01,Swim,14,14,752.33,53.74
2021-12-01,Suits & Sport Coats,5,5,628.46,125.69
2021-12-01,Pants,10,12,602.26,50.19
2021-12-01,Shorts,14,15,594.09,39.61
2021-12-01,Active,11,11,547.25,49.75
2021-12-01,Tops & Tees,13,13,489.15,37.63
2021-12-01,Sleep & Lounge,10,10,418.74,41.87
2021-12-01,Maternity,6,6,407.91,67.98
2021-12-01,Blazers & Jackets,3,3,284.19,94.73
2021-12-01,Plus,7,7,275.15,39.31
2021-12-01,Underwear,10,11,253.17,23.02
2021-12-01,Skirts,5,5,179.37,35.87
2021-12-01,Socks,6,7,121.68,17.38
2021-12-01,Socks & Hosiery,5,5,118.32,23.66
2021-12-01,Pants & Capris,2,2,61.57,30.78
2021-12-01,Leggings,2,2,58.99,29.49
2021-12-01,Jumpsuits & Rompers,2,2,21.86,10.93
2022-01-01,Sweaters,18,18,1801.14,100.06
2022-01-01,Active,16,17,1531.14,90.07
2022-01-01,Suits & Sport Coats,12,12,1146.89,95.57
2022-01-01,Jeans,15,15,1133.23,75.55
2022-01-01,Sleep & Lounge,16,16,963.89,60.24
2022-01-01,Dresses,9,9,855.85,95.09
2022-01-01,Pants,11,13,848.82,65.29
2022-01-01,Shorts,19,19,802.87,42.26
2022-01-01,Tops & Tees,18,19,770.75,40.57
2022-01-01,Swim,12,13,752.35,57.87
2022-01-01,Intimates,15,17,726.32,42.72
2022-01-01,Fashion Hoodies & Sweatshirts,12,12,612.82,51.07
2022-01-01,Outerwear & Coats,7,7,574.5,82.07
2022-01-01,Pants & Capris,6,6,491.94,81.99
2022-01-01,Blazers & Jackets,3,3,453.82,151.27
2022-01-01,Accessories,12,13,435.66,33.51
2022-01-01,Underwear,8,8,319.88,39.98
2022-01-01,Skirts,3,3,310.9,103.63
2022-01-01,Maternity,7,8,281.43,35.18
2022-01-01,Plus,5,6,259.49,43.25
2022-01-01,Suits,2,2,161.99,80.99
2022-01-01,Socks,9,9,153.97,17.11
2022-01-01,Socks & Hosiery,5,6,77.21,12.87
2022-01-01,Leggings,3,3,42.88,14.29
2022-02-01,Jeans,21,21,1937.34,92.25
2022-02-01,Suits & Sport Coats,7,7,1251.92,178.85
2022-02-01,Outerwear & Coats,7,7,1107.93,158.28
2022-02-01,Pants,13,14,759.6,54.26
2022-02-01,Intimates,15,16,751.22,46.95
2022-02-01,Sleep & Lounge,10,10,690.5,69.05
2022-02-01,Accessories,17,17,629.12,37.01
2022-02-01,Swim,12,12,626.28,52.19
2022-02-01,Sweaters,10,10,601.06,60.11
2022-02-01,Tops & Tees,14,15,593.76,39.58
2022-02-01,Fashion Hoodies & Sweatshirts,10,10,538.06,53.81
2022-02-01,Active,14,14,529.83,37.84
2022-02-01,Shorts,8,8,329.82,41.23
2022-02-01,Blazers & Jackets,5,6,322.55,53.76
2022-02-01,Dresses,5,5,318.21,63.64
2022-02-01,Suits,2,2,276.55,138.27
2022-02-01,Socks,13,15,253.24,16.88
2022-02-01,Underwear,8,8,211.58,26.45
2022-02-01,Plus,4,4,200.98,50.24
2022-02-01,Skirts,2,2,157.97,78.98
2022-02-01,Maternity,3,3,156.85,52.28
2022-02-01,Pants & Capris,4,4,154.97,38.74
2022-02-01,Leggings,4,4,143.89,35.97
2022-02-01,Socks & Hosiery,8,8,128.1,16.01
2022-02-01,Jumpsuits & Rompers,1,1,39.5,39.5
2022-03-01,Jeans,15,17,1736.43,102.14
2022-03-01,Suits & Sport Coats,8,8,992.97,124.12
2022-03-01,Sweaters,13,13,959.34,73.8
2022-03-01,Dresses,4,5,912.33,182.47
2022-03-01,Swim,13,13,810.41,62.34
2022-03-01,Tops & Tees,15,15,792.79,52.85
2022-03-01,Outerwear & Coats,5,5,688.98,137.8
2022-03-01,Fashion Hoodies & Sweatshirts,14,14,631.83,45.13
2022-03-01,Intimates,16,17,599.62,35.27
2022-03-01,Sleep & Lounge,14,15,563.59,37.57
2022-03-01,Shorts,11,11,542.73,49.34
2022-03-01,Accessories,9,9,534.48,59.39
2022-03-01,Pants,9,9,414.29,46.03
2022-03-01,Plus,6,6,316.46,52.74
2022-03-01,Maternity,7,7,296.22,42.32
2022-03-01,Socks,10,10,260.53,26.05
2022-03-01,Skirts,4,4,233.47,58.37
2022-03-01,Active,4,4,179.03,44.76
2022-03-01,Suits,2,2,177.89,88.95
2022-03-01,Pants & Capris,3,3,143.33,47.78
2022-03-01,Socks & Hosiery,7,7,98.88,14.13
2022-03-01,Underwear,4,4,92.99,23.25
2022-03-01,Blazers & Jackets,3,3,88.01,29.34
2022-03-01,Leggings,3,3,60.44,20.15
2022-03-01,Jumpsuits & Rompers,2,2,23.45,11.72
2022-04-01,Outerwear & Coats,13,14,1936.86,138.35
2022-04-01,Sweaters,19,21,1467.57,69.88
2022-04-01,Jeans,11,12,1294.72,107.89
2022-04-01,Tops & Tees,20,23,1124.86,48.91
2022-04-01,Fashion Hoodies & Sweatshirts,18,18,784.38,43.58
2022-04-01,Intimates,22,23,724.57,31.5
2022-04-01,Shorts,14,14,691.76,49.41
2022-04-01,Swim,12,13,685.09,52.7
2022-04-01,Active,16,16,582.23,36.39
2022-04-01,Sleep & Lounge,15,15,538.15,35.88
2022-04-01,Suits & Sport Coats,5,6,512.88,85.48
2022-04-01,Accessories,12,13,472.94,36.38
2022-04-01,Maternity,8,8,413.42,51.68
2022-04-01,Dresses,6,6,369.54,61.59
2022-04-01,Pants,9,9,309.7,34.41
2022-04-01,Pants & Capris,5,5,279.99,56.0
2022-04-01,Underwear,9,9,256.33,28.48
2022-04-01,Leggings,6,7,231.73,33.1
2022-04-01,Skirts,3,4,220.46,55.12
2022-04-01,Plus,6,6,207.98,34.66
2022-04-01,Suits,1,1,129.0,129.0
2022-04-01,Socks,7,7,126.96,18.14
2022-04-01,Socks & Hosiery,6,7,112.13,16.02
2022-04-01,Blazers & Jackets,2,2,90.44,45.22
2022-05-01,Outerwear & Coats,21,21,3852.83,183.47
2022-05-01,Sweaters,20,21,1891.4,90.07
2022-05-01,Jeans,12,12,1259.93,104.99
2022-05-01,Sleep & Lounge,23,23,1172.59,50.98
2022-05-01,Suits & Sport Coats,8,8,1006.35,125.79
2022-05-01,Dresses,11,11,991.85,90.17
2022-05-01,Pants,15,15,975.44,65.03
2022-05-01,Shorts,23,23,952.92,41.43
2022-05-01,Active,19,19,822.51,43.29
2022-05-01,Fashion Hoodies & Sweatshirts,17,17,781.92,46.0
2022-05-01,Maternity,14,14,768.89,54.92
2022-05-01,Intimates,20,21,705.98,33.62
2022-05-01,Swim,12,13,621.96,47.84
2022-05-01,Accessories,14,16,617.58,38.6
2022-05-01,Tops & Tees,16,17,577.69,33.98
2022-05-01,Pants & Capris,7,7,393.92,56.27
2022-05-01,Plus,4,4,380.58,95.15
2022-05-01,Underwear,8,9,276.2,30.69
2022-05-01,Blazers & Jackets,3,3,234.5,78.17
2022-05-01,Skirts,4,4,187.62,46.9
2022-05-01,Leggings,5,6,183.34,30.56
2022-05-01,Socks,9,9,129.89,14.43
2022-05-01,Socks & Hosiery,5,5,92.44,18.49
2022-06-01,Outerwear & Coats,16,17,2753.75,161.99
2022-06-01,Jeans,15,15,1544.19,102.95
2022-06-01,Sweaters,19,19,1329.7,69.98
2022-06-01,Swim,13,13,1130.32,86.95
2022-06-01,Fashion Hoodies & Sweatshirts,20,20,1059.87,52.99
2022-06-01,Tops & Tees,15,15,901.88,60.13
2022-06-01,Dresses,4,4,789.98,197.5
2022-06-01,Pants,11,13,708.17,54.47
2022-06-01,Intimates,18,19,645.34,33.97
2022-06-01,Skirts,5,5,623.27,124.65
2022-06-01,Shorts,12,12,621.24,51.77
2022-06-01,Accessories,14,14,577.79,41.27
2022-06-01,Sleep & Lounge,13,13,510.63,39.28
2022-06-01,Suits & Sport Coats,5,5,461.26,92.25
2022-06-01,Active,10,10,399.73,39.97
2022-06-01,Maternity,8,9,379.76,42.2
2022-06-01,Suits,2,2,310.46,155.23
2022-06-01,Pants & Capris,5,5,210.88,42.18
2022-06-01,Plus,4,4,199.75,49.94
2022-06-01,Blazers & Jackets,4,4,192.83,48.21
2022-06-01,Socks,10,10,130.4,13.04
2022-06-01,Underwear,5,5,113.45,22.69
2022-06-01,Jumpsuits & Rompers,1,1,98.0,98.0
2022-06-01,Socks & Hosiery,4,4,59.95,14.99
2022-06-01,Leggings,5,5,54.87,10.97
2022-07-01,Outerwear & Coats,18,18,3344.81,185.82
2022-07-01,Jeans,24,24,2147.87,89.49
2022-07-01,Sweaters,18,20,1444.6,72.23
2022-07-01,Suits & Sport Coats,8,8,1205.22,150.65
2022-07-01,Fashion Hoodies & Sweatshirts,22,23,1049.59,45.63
2022-07-01,Swim,14,15,982.52,65.5
2022-07-01,Shorts,21,22,906.69,41.21
2022-07-01,Sleep & Lounge,17,17,898.2,52.84
2022-07-01,Dresses,11,13,837.96,64.46
2022-07-01,Tops & Tees,20,21,804.94,38.33
2022-07-01,Intimates,21,21,698.24,33.25
2022-07-01,Blazers & Jackets,7,7,677.19,96.74
2022-07-01,Plus,13,13,643.61,49.51
2022-07-01,Pants,12,12,631.43,52.62
2022-07-01,Maternity,10,10,389.65,38.96
2022-07-01,Accessories,15,15,365.98,24.4
2022-07-01,Active,10,10,294.24,29.42
2022-07-01,Underwear,13,13,280.9,21.61
2022-07-01,Suits,1,1,215.8,215.8
2022-07-01,Leggings,9,9,201.77,22.42
2022-07-01,Socks,8,8,138.61,17.33
2022-07-01,Pants & Capris,4,4,134.48,33.62
2022-07-01,Socks & Hosiery,6,7,86.76,12.39
2022-07-01,Skirts,2,2,51.21,25.61
2022-07-01,Jumpsuits & Rompers,1,1,44.95,44.95
2022-08-01,Jeans,23,23,2335.13,101.53
2022-08-01,Suits & Sport Coats,14,14,1900.08,135.72
2022-08-01,Outerwear & Coats,16,17,1776.54,104.5
2022-08-01,Sleep & Lounge,20,20,1583.72,79.19
2022-08-01,Fashion Hoodies & Sweatshirts,16,18,1323.36,73.52
2022-08-01,Tops & Tees,26,27,1260.28,46.68
2022-08-01,Shorts,25,25,1203.25,48.13
2022-08-01,Pants,19,21,1191.27,56.73
2022-08-01,Swim,15,15,834.06,55.6
2022-08-01,Intimates,19,20,729.66,36.48
2022-08-01,Sweaters,11,11,603.03,54.82
2022-08-01,Maternity,14,14,549.14,39.22
2022-08-01,Active,10,10,341.65,34.16
2022-08-01,Dresses,6,6,331.3,55.22
2022-08-01,Accessories,14,14,322.0,23.0
2022-08-01,Underwear,10,10,304.37,30.44
2022-08-01,Pants & Capris,4,4,255.99,64.0
2022-08-01,Skirts,5,5,236.34,47.27
2022-08-01,Socks,10,10,208.96,20.9
2022-08-01,Clothing Sets,2,2,186.99,93.5
2022-08-01,Socks & Hosiery,9,10,152.72,15.27
2022-08-01,Plus,3,3,105.16,35.05
2022-08-01,Leggings,5,5,58.7,11.74
2022-08-01,Blazers & Jackets,2,2,50.61,25.31
2022-09-01,Outerwear & Coats,16,16,3083.49,192.72
2022-09-01,Jeans,19,20,2089.22,104.46
2022-09-01,Suits & Sport Coats,10,10,1785.91,178.59
2022-09-01,Sweaters,15,17,1563.39,91.96
2022-09-01,Swim,18,18,1054.91,58.61
2022-09-01,Sleep & Lounge,24,25,1038.66,41.55
2022-09-01,Dresses,6,6,984.97,164.16
2022-09-01,Accessories,19,19,846.59,44.56
2022-09-01,Shorts,19,19,817.56,43.03
2022-09-01,Tops & Tees,23,23,793.7,34.51
2022-09-01,Fashion Hoodies & Sweatshirts,12,12,706.21,58.85
2022-09-01,Intimates,18,18,666.78,37.04
2022-09-01,Blazers & Jackets,5,5,662.18,132.44
2022-09-01,Maternity,10,12,624.55,52.05
2022-09-01,Active,10,10,554.56,55.46
2022-09-01,Pants,9,9,507.95,56.44
2022-09-01,Pants & Capris,7,7,474.58,67.8
2022-09-01,Leggings,4,5,318.93,63.79
2022-09-01,Socks,16,16,295.81,18.49
2022-09-01,Plus,6,7,291.21,41.6
2022-09-01,Suits,2,2,261.6,130.8
2022-09-01,Skirts,5,5,223.99,44.8
2022-09-01,Underwear,7,7,174.97,25.0
2022-09-01,Socks & Hosiery,7,7,158.9,22.7
2022-09-01,Jumpsuits & Rompers,2,2,44.54,22.27
2022-10-01,Suits & Sport Coats,13,15,2778.34,185.22
2022-10-01,Jeans,23,24,2383.49,99.31
2022-10-01,Fashion Hoodies & Sweatshirts,27,28,1835.05,65.54
2022-10-01,Sleep & Lounge,28,28,1602.68,57.24
2022-10-01,Outerwear & Coats,11,11,1572.65,142.97
2022-10-01,Active,29,30,1493.97,49.8
2022-10-01,Sweaters,17,17,1316.78,77.46
2022-10-01,Dresses,13,13,1154.23,88.79
2022-10-01,Accessories,16,19,972.19,51.17
2022-10-01,Maternity,15,15,880.57,58.7
2022-10-01,Shorts,18,18,777.03,43.17
2022-10-01,Swim,15,16,747.12,46.7
2022-10-01,Intimates,21,21,731.61,34.84
2022-10-01,Pants,12,12,680.86,56.74
2022-10-01,Suits,6,7,612.94,87.56
2022-10-01,Tops & Tees,15,15,612.39,40.83
2022-10-01,Skirts,8,8,454.42,56.8
2022-10-01,Plus,8,8,364.54,45.57
2022-10-01,Underwear,11,11,361.19,32.84
2022-10-01,Pants & Capris,6,6,232.93,38.82
2022-10-01,Socks,10,10,205.23,20.52
2022-10-01,Socks & Hosiery,8,9,154.56,17.17
2022-10-01,Leggings,5,5,95.74,19.15
2022-10-01,Blazers & Jackets,3,3,53.02,17.67
2022-11-01,Sweaters,29,30,2505.17,83.51
2022-11-01,Jeans,18,18,1728.97,96.05
2022-11-01,Outerwear & Coats,11,11,1621.12,147.37
2022-11-01,Active,20,20,1242.42,62.12
2022-11-01,Swim,21,22,1166.9,53.04
2022-11-01,Sleep & Lounge,22,24,1122.85,46.79
2022-11-01,Suits & Sport Coats,9,10,1102.1,110.21
2022-11-01,Tops & Tees,25,25,1015.75,40.63
2022-11-01,Pants,14,15,859.09,57.27
2022-11-01,Fashion Hoodies & Sweatshirts,17,17,846.64,49.8
2022-11-01,Accessories,20,21,789.45,37.59
2022-11-01,Intimates,16,18,694.72,38.6
2022-11-01,Underwear,13,13,556.97,42.84
2022-11-01,Dresses,11,12,518.88,43.24
2022-11-01,Shorts,10,10,413.91,41.39
2022-11-01,Maternity,7,7,307.95,43.99
2022-11-01,Plus,10,10,297.76,29.78
2022-11-01,Suits,2,2,271.45,135.73
2022-11-01,Pants & Capris,8,8,246.83,30.85
2022-11-01,Blazers & Jackets,2,2,212.46,106.23
2022-11-01,Leggings,7,7,144.87,20.7
2022-11-01,Socks,9,9,125.58,13.95
2022-11-01,Skirts,3,3,114.99,38.33
2022-11-01,Socks & Hosiery,2,2,42.0,21.0
2022-12-01,Jeans,28,30,3191.24,106.37
2022-12-01,Sweaters,18,20,1734.36,86.72
2022-12-01,Sleep & Lounge,29,29,1627.67,56.13
2022-12-01,Outerwear & Coats,12,12,1589.86,132.49
2022-12-01,Dresses,11,11,1357.53,123.41
2022-12-01,Intimates,22,27,1254.16,46.45
2022-12-01,Fashion Hoodies & Sweatshirts,22,23,1248.72,54.29
2022-12-01,Tops & Tees,29,31,1145.03,36.94
2022-12-01,Swim,20,21,1122.24,53.44
2022-12-01,Shorts,19,19,877.67,46.19
2022-12-01,Suits & Sport Coats,7,7,765.02,109.29
2022-12-01,Active,22,22,731.35,33.24
2022-12-01,Accessories,21,21,593.07,28.24
2022-12-01,Pants & Capris,9,9,494.97,55.0
2022-12-01,Blazers & Jackets,7,7,387.35,55.34
2022-12-01,Underwear,10,11,329.14,29.92
2022-12-01,Suits,3,3,301.99,100.66
2022-12-01,Socks,12,13,263.37,20.26
2022-12-01,Pants,7,7,245.0,35.0
2022-12-01,Plus,9,9,228.72,25.41
2022-12-01,Maternity,8,8,220.71,27.59
2022-12-01,Jumpsuits & Rompers,3,3,134.28,44.76
2022-12-01,Skirts,2,2,107.38,53.69
2022-12-01,Leggings,5,5,93.33,18.67
2022-12-01,Socks & Hosiery,7,7,90.96,12.99
2023-01-01,Jeans,21,21,2269.61,108.08
2023-01-01,Outerwear & Coats,17,17,2204.76,129.69
2023-01-01,Fashion Hoodies & Sweatshirts,34,36,1857.21,51.59
2023-01-01,Active,19,19,1756.45,92.44
2023-01-01,Sweaters,18,19,1677.7,88.3
2023-01-01,Tops & Tees,29,29,1275.17,43.97
2023-01-01,Suits & Sport Coats,11,11,1199.39,109.04
2023-01-01,Swim,15,15,1083.03,72.2
2023-01-01,Sleep & Lounge,21,22,1077.87,48.99
2023-01-01,Blazers & Jackets,7,10,957.2,95.72
2023-01-01,Dresses,11,11,908.87,82.62
2023-01-01,Pants,16,17,838.93,49.35
2023-01-01,Shorts,16,17,660.03,38.83
2023-01-01,Intimates,16,17,516.93,30.41
2023-01-01,Maternity,8,8,516.57,64.57
2023-01-01,Accessories,13,13,412.38,31.72
2023-01-01,Underwear,17,17,393.02,23.12
2023-01-01,Plus,13,13,300.61,23.12
2023-01-01,Pants & Capris,7,7,273.28,39.04
2023-01-01,Skirts,5,5,255.97,51.19
2023-01-01,Suits,2,2,163.99,81.99
2023-01-01,Leggings,3,3,93.9,31.3
2023-01-01,Clothing Sets,1,1,88.0,88.0
2023-01-01,Socks & Hosiery,4,4,86.94,21.74
2023-01-01,Socks,5,6,65.73,10.95
2023-01-01,Jumpsuits & Rompers,2,2,31.74,15.87
2023-02-01,Suits & Sport Coats,11,11,1559.61,141.78
2023-02-01,Sweaters,23,23,1461.68,63.55
2023-02-01,Outerwear & Coats,8,8,1377.36,172.17
2023-02-01,Sleep & Lounge,21,22,1346.11,61.19
2023-02-01,Jeans,18,19,1274.28,67.07
2023-02-01,Fashion Hoodies & Sweatshirts,23,23,1222.72,53.16
2023-02-01,Accessories,22,23,952.66,41.42
2023-02-01,Shorts,22,22,936.42,42.56
2023-02-01,Active,18,21,817.74,38.94
2023-02-01,Tops & Tees,17,19,749.01,39.42
2023-02-01,Swim,12,12,681.2,56.77
2023-02-01,Intimates,20,21,666.61,31.74
2023-02-01,Dresses,8,8,616.94,77.12
2023-02-01,Blazers & Jackets,5,5,600.86,120.17
2023-02-01,Pants,14,14,573.88,40.99
2023-02-01,Pants & Capris,8,8,488.22,61.03
2023-02-01,Underwear,11,11,367.94,33.45
2023-02-01,Socks,14,14,305.87,21.85
2023-02-01,Plus,9,9,274.64,30.52
2023-02-01,Skirts,3,3,221.95,73.98
2023-02-01,Leggings,11,11,165.99,15.09
2023-02-01,Maternity,5,5,82.89,16.58
2023-02-01,Socks & Hosiery,3,3,58.94,19.65
2023-02-01,Jumpsuits & Rompers,1,1,49.95,49.95
2023-03-01,Outerwear & Coats,21,23,2835.2,123.27
2023-03-01,Jeans,29,29,2313.37,79.77
2023-03-01,Shorts,28,28,1940.41,69.3
2023-03-01,Blazers & Jackets,13,14,1752.67,125.19
2023-03-01,Suits & Sport Coats,16,16,1658.42,103.65
2023-03-01,Swim,21,21,1324.82,63.09
2023-03-01,Fashion Hoodies & Sweatshirts,21,21,1297.69,61.79
2023-03-01,Tops & Tees,20,21,1059.55,50.45
2023-03-01,Dresses,15,15,1028.3,68.55
2023-03-01,Accessories,23,25,1010.72,40.43
2023-03-01,Active,17,17,1000.47,58.85
2023-03-01,Sweaters,17,17,938.56,55.21
2023-03-01,Intimates,28,30,835.28,27.84
2023-03-01,Sleep & Lounge,17,17,731.0,43.0
2023-03-01,Pants,15,15,661.84,44.12
2023-03-01,Underwear,22,22,632.05,28.73
2023-03-01,Maternity,11,11,540.95,49.18
2023-03-01,Pants & Capris,9,9,446.47,49.61
2023-03-01,Plus,8,8,401.88,50.23
2023-03-01,Leggings,8,8,365.61,45.7
2023-03-01,Socks,16,16,276.84,17.3
2023-03-01,Suits,2,2,195.98,97.99
2023-03-01,Socks & Hosiery,10,10,173.46,17.35
2023-03-01,Skirts,5,5,169.92,33.98
2023-03-01,Clothing Sets,1,1,69.99,69.99
2023-03-01,Jumpsuits & Rompers,2,2,37.97,18.99
2023-04-01,Jeans,27,30,3234.22,107.81
2023-04-01,Outerwear & Coats,20,20,2675.26,133.76
2023-04-01,Suits & Sport Coats,16,16,2627.56,164.22
2023-04-01,Sweaters,21,23,2008.3,87.32
2023-04-01,Fashion Hoodies & Sweatshirts,24,24,1477.91,61.58
2023-04-01,Intimates,26,30,1139.17,37.97
2023-04-01,Plus,8,8,1119.65,139.96
2023-04-01,Shorts,24,25,1065.7,42.63
2023-04-01,Swim,22,22,1055.17,47.96
2023-04-01,Sleep & Lounge,27,27,1048.12,38.82
2023-04-01,Active,21,22,1035.81,47.08
2023-04-01,Accessories,22,24,1032.83,43.03
2023-04-01,Maternity,11,12,840.47,70.04
2023-04-01,Tops & Tees,26,26,794.18,30.55
2023-04-01,Suits,6,7,736.01,105.14
2023-04-01,Dresses,9,9,667.88,74.21
2023-04-01,Pants & Capris,14,14,653.85,46.7
2023-04-01,Pants,9,9,487.42,54.16
2023-04-01,Underwear,15,15,374.3,24.95
2023-04-01,Blazers & Jackets,3,3,365.89,121.96
2023-04-01,Leggings,5,5,153.93,30.79
2023-04-01,Socks,8,8,139.83,17.48
2023-04-01,Skirts,4,4,137.98,34.49
2023-04-01,Socks & Hosiery,7,7,113.91,16.27
2023-04-01,Jumpsuits & Rompers,2,2,33.17,16.59
2023-05-01,Outerwear & Coats,21,24,3514.22,146.43
2023-05-01,Jeans,24,27,2757.12,102.12
2023-05-01,Swim,35,36,2248.96,62.47
2023-05-01,Suits & Sport Coats,11,11,1869.43,169.95
2023-05-01,Sweaters,22,23,1712.66,74.46
2023-05-01,Fashion Hoodies & Sweatshirts,27,29,1385.64,47.78
2023-05-01,Sleep & Lounge,29,30,1334.88,44.5
2023-05-01,Intimates,29,35,1284.89,36.71
2023-05-01,Pants,18,20,1155.2,57.76
2023-05-01,Dresses,8,8,1107.62,138.45
2023-05-01,Pants & Capris,13,13,836.6,64.35
2023-05-01,Shorts,22,22,813.87,36.99
2023-05-01,Accessories,21,21,783.31,37.3
2023-05-01,Blazers & Jackets,8,8,724.89,90.61
2023-05-01,Active,19,20,705.92,35.3
2023-05-01,Tops & Tees,23,23,701.1,30.48
2023-05-01,Underwear,21,22,661.44,30.07
2023-05-01,Maternity,11,12,570.93,47.58
2023-05-01,Plus,9,9,449.15,49.91
2023-05-01,Skirts,8,8,309.89,38.74
2023-05-01,Leggings,7,7,287.93,41.13
2023-05-01,Suits,1,1,220.0,220.0
2023-05-01,Socks,14,14,217.46,15.53
2023-05-01,Jumpsuits & Rompers,3,3,193.07,64.36
2023-05-01,Socks & Hosiery,7,7,94.16,13.45
2023-06-01,Outerwear & Coats,16,16,3494.73,218.42
2023-06-01,Jeans,35,37,3472.8,93.86
2023-06-01,Sweaters,28,28,2034.53,72.66
2023-06-01,Fashion Hoodies & Sweatshirts,33,35,1960.9,56.03
2023-06-01,Swim,24,25,1700.17,68.01
2023-06-01,Suits & Sport Coats,12,12,1290.83,107.57
2023-06-01,Dresses,11,11,1206.9,109.72
2023-06-01,Socks,17,17,1171.28,68.9
2023-06-01,Intimates,27,30,1027.15,34.24
2023-06-01,Shorts,16,17,822.2,48.36
2023-06-01,Pants,11,12,788.86,65.74
2023-06-01,Tops & Tees,20,21,754.02,35.91
2023-06-01,Active,15,15,731.51,48.77
2023-06-01,Sleep & Lounge,16,17,682.84,40.17
2023-06-01,Blazers & Jackets,8,8,655.71,81.96
2023-06-01,Accessories,15,15,578.28,38.55
2023-06-01,Plus,10,10,519.18,51.92
2023-06-01,Underwear,18,18,463.28,25.74
2023-06-01,Suits,3,4,358.8,89.7
2023-06-01,Pants & Capris,4,4,296.96,74.24
2023-06-01,Maternity,6,6,287.62,47.94
2023-06-01,Leggings,6,6,155.39,25.9
2023-06-01,Socks & Hosiery,8,8,131.96,16.49
2023-06-01,Jumpsuits & Rompers,2,2,48.63,24.32
2023-07-01,Jeans,33,36,3934.91,109.3
2023-07-01,Outerwear & Coats,21,21,3016.56,143.65
2023-07-01,Sweaters,29,29,2354.07,81.17
2023-07-01,Fashion Hoodies & Sweatshirts,31,32,1651.62,51.61
2023-07-01,Tops & Tees,33,36,1556.85,43.25
2023-07-01,Shorts,23,28,1254.85,44.82
2023-07-01,Sleep & Lounge,24,24,1222.45,50.94
2023-07-01,Swim,24,24,1188.29,49.51
2023-07-01,Intimates,34,37,1095.5,29.61
2023-07-01,Dresses,10,10,870.48,87.05
2023-07-01,Pants,10,11,869.5,79.05
2023-07-01,Active,22,22,853.5,38.8
2023-07-01,Suits & Sport Coats,10,10,821.91,82.19
2023-07-01,Maternity,13,14,635.89,45.42
2023-07-01,Accessories,14,15,628.11,41.87
2023-07-01,Underwear,18,18,439.93,24.44
2023-07-01,Suits,3,3,286.98,95.66
2023-07-01,Socks,15,15,283.27,18.88
2023-07-01,Leggings,9,9,238.44,26.49
2023-07-01,Skirts,5,5,234.48,46.9
2023-07-01,Plus,4,4,219.93,54.98
2023-07-01,Blazers & Jackets,3,3,204.22,68.07
2023-07-01,Jumpsuits & Rompers,1,1,201.2,201.2
2023-07-01,Socks & Hosiery,8,8,143.74,17.97
2023-07-01,Clothing Sets,1,1,120.0,120.0
2023-07-01,Pants & Capris,1,1,42.99,42.99
2023-08-01,Jeans,28,29,3137.61,108.19
2023-08-01,Sweaters,27,27,1873.77,69.4
2023-08-01,Outerwear & Coats,13,14,1761.83,125.85
2023-08-01,Active,24,25,1545.36,61.81
2023-08-01,Suits & Sport Coats,11,11,1451.35,131.94
2023-08-01,Pants,19,20,1348.75,67.44
2023-08-01,Sleep & Lounge,23,24,1287.35,53.64
2023-08-01,Tops & Tees,26,26,1266.83,48.72
2023-08-01,Intimates,33,39,1237.08,31.72
2023-08-01,Dresses,14,14,1078.77,77.06
2023-08-01,Swim,21,21,1073.67,51.13
2023-08-01,Fashion Hoodies & Sweatshirts,20,21,1003.6,47.79
2023-08-01,Shorts,21,21,831.02,39.57
2023-08-01,Pants & Capris,9,9,477.75,53.08
2023-08-01,Blazers & Jackets,4,4,437.67,109.42
2023-08-01,Underwear,17,17,430.31,25.31
2023-08-01,Accessories,16,16,381.79,23.86
2023-08-01,Socks,18,18,338.28,18.79
2023-08-01,Maternity,5,5,223.99,44.8
2023-08-01,Plus,6,6,215.83,35.97
2023-08-01,Leggings,9,9,211.78,23.53
2023-08-01,Skirts,4,4,176.44,44.11
2023-08-01,Socks & Hosiery,8,8,141.01,17.63
2023-08-01,Jumpsuits & Rompers,1,1,120.0,120.0
2023-08-01,Suits,3,3,115.21,38.4
2023-09-01,Outerwear & Coats,23,23,3027.27,131.62
2023-09-01,Jeans,20,21,2418.27,115.16
2023-09-01,Fashion Hoodies & Sweatshirts,33,35,1782.61,50.93
2023-09-01,Suits & Sport Coats,12,12,1673.25,139.44
2023-09-01,Sleep & Lounge,26,28,1673.12,59.75
2023-09-01,Swim,27,28,1467.94,52.43
2023-09-01,Accessories,31,32,1369.13,42.79
2023-09-01,Sweaters,24,24,1268.76,52.87
2023-09-01,Shorts,24,26,1239.53,47.67
2023-09-01,Active,18,18,1204.2,66.9
2023-09-01,Tops & Tees,28,28,964.54,34.45
2023-09-01,Intimates,23,28,945.52,33.77
2023-09-01,Maternity,16,17,862.72,50.75
2023-09-01,Blazers & Jackets,10,11,820.52,74.59
2023-09-01,Dresses,11,11,540.65,49.15
2023-09-01,Skirts,8,8,456.5,57.06
2023-09-01,Suits,3,3,398.73,132.91
2023-09-01,Leggings,9,9,345.26,38.36
2023-09-01,Pants,9,9,332.75,36.97
2023-09-01,Pants & Capris,7,7,277.45,39.64
2023-09-01,Socks,12,12,235.29,19.61
2023-09-01,Underwear,10,10,217.75,21.77
2023-09-01,Socks & Hosiery,13,14,186.81,13.34
2023-09-01,Clothing Sets,1,1,147.13,147.13
2023-09-01,Plus,6,6,139.92,23.32
2023-09-01,Jumpsuits & Rompers,1,1,23.0,23.0
2023-10-01,Outerwear & Coats,27,29,4565.58,157.43
2023-10-01,Jeans,34,37,3641.66,98.42
2023-10-01,Sweaters,36,36,2629.62,73.04
2023-10-01,Fashion Hoodies & Sweatshirts,25,25,2093.4,83.74
2023-10-01,Swim,32,32,2092.05,65.38
2023-10-01,Pants,32,32,1683.99,52.62
2023-10-01,Suits & Sport Coats,15,15,1602.47,106.83
2023-10-01,Dresses,11,11,1563.95,142.18
2023-10-01,Shorts,28,32,1559.73,48.74
2023-10-01,Sleep & Lounge,29,30,1309.56,43.65
2023-10-01,Tops & Tees,30,33,1245.67,37.75
2023-10-01,Intimates,33,39,1229.35,31.52
2023-10-01,Blazers & Jackets,7,7,1172.77,167.54
2023-10-01,Active,21,24,957.4,39.89
2023-10-01,Maternity,16,17,829.54,48.8
2023-10-01,Pants & Capris,9,10,816.52,81.65
2023-10-01,Underwear,21,22,528.96,24.04
2023-10-01,Plus,7,7,442.58,63.23
2023-10-01,Accessories,12,12,312.38,26.03
2023-10-01,Leggings,8,8,290.88,36.36
2023-10-01,Socks,15,15,240.9,16.06
2023-10-01,Skirts,5,5,236.01,47.2
2023-10-01,Socks & Hosiery,13,13,203.53,15.66
2023-10-01,Suits,1,1,99.93,99.93
2023-10-01,Jumpsuits & Rompers,2,2,59.4,29.7
2023-10-01,Clothing Sets,1,1,57.99,57.99
2023-11-01,Jeans,43,44,4084.78,92.84
2023-11-01,Outerwear & Coats,23,23,3218.32,139.93
2023-11-01,Swim,36,36,2123.74,58.99
2023-11-01,Accessories,31,31,1754.25,56.59
2023-11-01,Fashion Hoodies & Sweatshirts,33,34,1683.44,49.51
2023-11-01,Shorts,27,27,1435.49,53.17
2023-11-01,Dresses,13,14,1319.7,94.26
2023-11-01,Blazers & Jackets,9,10,1184.29,118.43
2023-11-01,Sweaters,18,18,1112.56,61.81
2023-11-01,Intimates,33,34,1077.66,31.7
2023-11-01,Tops & Tees,23,25,1049.0,41.96
2023-11-01,Active,21,21,1031.22,49.11
2023-11-01,Sleep & Lounge,22,22,1002.54,45.57
2023-11-01,Skirts,9,9,996.63,110.74
2023-11-01,Suits & Sport Coats,9,9,993.4,110.38
2023-11-01,Pants,19,19,932.07,49.06
2023-11-01,Pants & Capris,12,13,647.38,49.8
2023-11-01,Maternity,11,11,570.98,51.91
2023-11-01,Underwear,17,18,472.24,26.24
2023-11-01,Socks,19,20,423.48,21.17
2023-11-01,Socks & Hosiery,16,16,315.66,19.73
2023-11-01,Plus,8,8,315.53,39.44
2023-11-01,Suits,2,2,263.41,131.7
2023-11-01,Leggings,6,6,93.96,15.66
2023-11-01,Jumpsuits & Rompers,1,1,10.11,10.11
2023-12-01,Outerwear & Coats,20,21,3042.46,144.88
2023-12-01,Sweaters,35,37,2702.48,73.04
2023-12-01,Jeans,24,26,2236.04,86.0
2023-12-01,Swim,27,29,1726.44,59.53
2023-12-01,Active,25,25,1605.19,64.21
2023-12-01,Suits & Sport Coats,16,17,1590.86,93.58
2023-12-01,Sleep & Lounge,31,34,1554.7,45.73
2023-12-01,Pants,19,20,1427.13,71.36
2023-12-01,Accessories,27,27,1381.27,51.16
2023-12-01,Fashion Hoodies & Sweatshirts,25,26,1205.98,46.38
2023-12-01,Dresses,16,16,1159.97,72.5
2023-12-01,Intimates,34,38,1133.84,29.84
2023-12-01,Tops & Tees,25,25,1101.44,44.06
2023-12-01,Blazers & Jackets,12,12,1099.59,91.63
2023-12-01,Maternity,14,14,827.63,59.12
2023-12-01,Underwear,29,29,682.8,23.54
2023-12-01,Shorts,13,13,519.17,39.94
2023-12-01,Plus,8,8,318.15,39.77
2023-12-01,Suits,3,3,298.06,99.35
2023-12-01,Leggings,8,8,293.09,36.64
2023-12-01,Skirts,6,6,284.56,47.43
2023-12-01,Socks & Hosiery,10,10,217.22,21.72
2023-12-01,Pants & Capris,4,4,137.81,34.45
2023-12-01,Socks,11,11,132.95,12.09
2023-12-01,Clothing Sets,1,1,94.0,94.0
2024-01-01,Outerwear & Coats,31,33,4383.47,132.83
2024-01-01,Jeans,43,44,3389.3,77.03
2024-01-01,Fashion Hoodies & Sweatshirts,45,46,2293.23,49.85
2024-01-01,Sweaters,29,29,2166.47,74.71
2024-01-01,Tops & Tees,41,43,1885.35,43.85
2024-01-01,Dresses,19,20,1812.48,90.62
2024-01-01,Swim,31,33,1750.98,53.06
2024-01-01,Sleep & Lounge,27,27,1630.37,60.38
2024-01-01,Accessories,33,34,1571.45,46.22
2024-01-01,Shorts,39,41,1544.41,37.67
2024-01-01,Blazers & Jackets,12,12,1528.99,127.42
2024-01-01,Suits & Sport Coats,10,10,1265.28,126.53
2024-01-01,Active,27,27,1215.51,45.02
2024-01-01,Intimates,41,43,1151.84,26.79
2024-01-01,Pants,20,20,1151.53,57.58
2024-01-01,Underwear,29,30,931.35,31.05
2024-01-01,Maternity,12,12,755.15,62.93
2024-01-01,Leggings,13,13,439.16,33.78
2024-01-01,Suits,3,3,360.59,120.2
2024-01-01,Socks,18,19,348.94,18.37
2024-01-01,Skirts,7,7,275.63,39.38
2024-01-01,Plus,9,9,266.18,29.58
2024-01-01,Pants & Capris,5,5,242.93,48.59
2024-01-01,Socks & Hosiery,9,9,190.41,21.16
2024-01-01,Clothing Sets,1,1,95.85,95.85
2024-01-01,Jumpsuits & Rompers,3,3,59.74,19.91
2024-02-01,Jeans,32,33,3093.99,93.76
2024-02-01,Swim,35,35,2296.99,65.63
2024-02-01,Outerwear & Coats,21,22,2190.17,99.55
2024-02-01,Sweaters,24,24,2152.82,89.7
2024-02-01,Fashion Hoodies & Sweatshirts,26,26,1481.89,57.0
2024-02-01,Tops & Tees,30,31,1391.32,44.88
2024-02-01,Intimates,32,32,1352.89,42.28
2024-02-01,Suits & Sport Coats,13,13,1269.24,97.63
2024-02-01,Accessories,30,31,1176.59,37.95
2024-02-01,Pants,18,19,1173.6,61.77
2024-02-01,Shorts,27,28,1080.75,38.6
2024-02-01,Sleep & Lounge,20,20,917.62,45.88
2024-02-01,Dresses,10,10,913.62,91.36
2024-02-01,Active,22,23,908.78,39.51
2024-02-01,Maternity,11,11,679.72,61.79
2024-02-01,Blazers & Jackets,10,10,550.28,55.03
2024-02-01,Jumpsuits & Rompers,1,1,550.0,550.0
2024-02-01,Underwear,16,16,425.92,26.62
2024-02-01,Suits,4,4,392.99,98.25
2024-02-01,Leggings,10,10,235.1,23.51
2024-02-01,Socks,14,14,226.29,16.16
2024-02-01,Skirts,6,6,218.09,36.35
2024-02-01,Pants & Capris,7,7,180.59,25.8
2024-02-01,Socks & Hosiery,10,10,130.31,13.03
2024-02-01,Plus,5,5,106.95,21.39
2024-03-01,Outerwear & Coats,31,32,4509.98,140.94
2024-03-01,Jeans,31,34,2984.47,87.78
2024-03-01,Shorts,36,38,2798.21,73.64
2024-03-01,Sweaters,27,28,1762.11,62.93
2024-03-01,Swim,28,29,1711.61,59.02
2024-03-01,Fashion Hoodies & Sweatshirts,33,33,1708.01,51.76
2024-03-01,Tops & Tees,38,40,1485.37,37.13
2024-03-01,Sleep & Lounge,31,32,1423.83,44.49
2024-03-01,Suits & Sport Coats,7,7,1108.56,158.37
2024-03-01,Dresses,13,13,1083.61,83.35
2024-03-01,Blazers & Jackets,12,12,1051.68,87.64
2024-03-01,Active,30,31,1036.23,33.43
2024-03-01,Pants,17,17,991.81,58.34
2024-03-01,Maternity,19,19,918.33,48.33
2024-03-01,Intimates,26,27,880.25,32.6
2024-03-01,Accessories,20,20,869.37,43.47
2024-03-01,Underwear,26,28,797.53,28.48
2024-03-01,Suits,6,6,743.67,123.94
2024-03-01,Pants & Capris,10,11,591.27,53.75
2024-03-01,Plus,15,15,489.41,32.63
2024-03-01,Skirts,8,8,337.3,42.16
2024-03-01,Socks,18,18,288.82,16.05
2024-03-01,Leggings,9,9,206.59,22.95
2024-03-01,Socks & Hosiery,7,7,78.45,11.21
2024-03-01,Jumpsuits & Rompers,1,1,24.99,24.99
2024-04-01,Jeans,35,36,3749.65,104.16
2024-04-01,Outerwear & Coats,26,26,3233.83,124.38
2024-04-01,Fashion Hoodies & Sweatshirts,41,42,2300.48,54.77
2024-04-01,Sweaters,28,28,2164.45,77.3
2024-04-01,Suits & Sport Coats,13,13,2038.77,156.83
2024-04-01,Swim,33,33,2016.35,61.1
2024-04-01,Shorts,44,46,1828.64,39.75
2024-04-01,Accessories,31,34,1412.27,41.54
2024-04-01,Intimates,43,49,1333.21,27.21
2024-04-01,Sleep & Lounge,25,26,1309.2,50.35
2024-04-01,Dresses,16,16,1232.51,77.03
2024-04-01,Pants,17,19,1117.56,58.82
2024-04-01,Active,28,28,1116.3,39.87
2024-04-01,Tops & Tees,24,24,1031.23,42.97
2024-04-01,Maternity,17,17,904.53,53.21
2024-04-01,Blazers & Jackets,7,7,585.45,83.64
2024-04-01,Socks,22,24,446.91,18.62
2024-04-01,Pants & Capris,11,11,444.13,40.38
2024-04-01,Suits,3,3,379.3,126.43
2024-04-01,Plus,13,13,354.41,27.26
2024-04-01,Underwear,15,15,348.44,23.23
2024-04-01,Skirts,8,8,282.59,35.32
2024-04-01,Leggings,11,11,234.96,21.36
2024-04-01,Socks & Hosiery,10,10,140.18,14.02
2024-04-01,Clothing Sets,1,1,62.99,62.99
2024-05-01,Jeans,45,47,4384.88,93.3
2024-05-01,Outerwear & Coats,30,30,3328.46,110.95
2024-05-01,Sweaters,37,39,2569.44,65.88
2024-05-01,Sleep & Lounge,36,36,2250.4,62.51
2024-05-01,Suits & Sport Coats,16,16,2030.46,126.9
2024-05-01,Fashion Hoodies & Sweatshirts,38,41,1926.25,46.98
2024-05-01,Tops & Tees,43,43,1913.93,44.51
2024-05-01,Active,25,27,1682.18,62.3
2024-05-01,Dresses,17,18,1665.1,92.51
2024-05-01,Swim,33,33,1636.39,49.59
2024-05-01,Accessories,35,35,1422.4,40.64
2024-05-01,Shorts,26,26,1252.52,48.17
2024-05-01,Pants,20,21,1151.4,54.83
2024-05-01,Intimates,30,32,1048.38,32.76
2024-05-01,Blazers & Jackets,8,8,999.63,124.95
2024-05-01,Pants & Capris,10,11,648.15,58.92
2024-05-01,Underwear,23,23,586.35,25.49
2024-05-01,Suits,4,4,565.99,141.5
2024-05-01,Maternity,9,10,459.54,45.95
2024-05-01,Leggings,12,12,455.21,37.93
2024-05-01,Plus,17,17,349.95,20.59
2024-05-01,Socks,15,15,274.86,18.32
2024-05-01,Skirts,5,5,256.58,51.32
2024-05-01,Clothing Sets,2,2,239.94,119.97
2024-05-01,Socks & Hosiery,8,8,138.39,17.3
2024-05-01,Jumpsuits & Rompers,3,3,106.48,35.49
2024-06-01,Jeans,41,42,3860.22,91.91
2024-06-01,Sweaters,44,45,3685.01,81.89
2024-06-01,Outerwear & Coats,25,25,3089.99,123.6
2024-06-01,Fashion Hoodies & Sweatshirts,40,41,2424.18,59.13
2024-06-01,Active,33,33,2278.9,69.06
2024-06-01,Swim,33,36,1952.76,54.24
2024-06-01,Pants,26,26,1876.91,72.19
2024-06-01,Sleep & Lounge,38,38,1604.03,42.21
2024-06-01,Shorts,35,36,1416.23,39.34
2024-06-01,Tops & Tees,34,36,1326.65,36.85
2024-06-01,Accessories,23,23,1106.43,48.11
2024-06-01,Suits & Sport Coats,14,14,1071.97,76.57
2024-06-01,Intimates,27,28,991.86,35.42
2024-06-01,Maternity,19,19,893.55,47.03
2024-06-01,Plus,16,17,702.53,41.33
2024-06-01,Suits,5,6,637.46,106.24
2024-06-01,Dresses,13,13,634.87,48.84
2024-06-01,Blazers & Jackets,7,7,634.17,90.6
2024-06-01,Pants & Capris,11,11,469.47,42.68
2024-06-01,Underwear,18,18,442.47,24.58
2024-06-01,Socks,21,21,399.68,19.03
2024-06-01,Leggings,9,9,327.79,36.42
2024-06-01,Skirts,6,6,235.9,39.32
2024-06-01,Clothing Sets,2,2,93.98,46.99
2024-06-01,Socks & Hosiery,6,6,92.97,15.5
2024-06-01,Jumpsuits & Rompers,2,2,31.2,15.6
2024-07-01,Jeans,53,54,6181.41,114.47
2024-07-01,Outerwear & Coats,27,27,5293.45,196.05
2024-07-01,Sleep & Lounge,47,48,2453.04,51.1
2024-07-01,Swim,37,40,2396.84,59.92
2024-07-01,Pants,29,31,2123.09,68.49
2024-07-01,Fashion Hoodies & Sweatshirts,33,35,2035.8,58.17
2024-07-01,Sweaters,23,23,1989.12,86.48
2024-07-01,Suits & Sport Coats,18,18,1978.05,109.89
2024-07-01,Active,38,39,1952.38,50.06
2024-07-01,Shorts,44,46,1687.35,36.68
2024-07-01,Dresses,21,21,1637.71,77.99
2024-07-01,Intimates,46,46,1432.24,31.14
2024-07-01,Tops & Tees,36,36,1403.11,38.98
2024-07-01,Maternity,19,19,1167.93,61.47
2024-07-01,Underwear,31,36,878.94,24.42
2024-07-01,Pants & Capris,19,19,872.99,45.95
2024-07-01,Blazers & Jackets,14,14,712.98,50.93
2024-07-01,Accessories,22,22,522.71,23.76
2024-07-01,Plus,7,8,367.95,45.99
2024-07-01,Suits,2,2,334.99,167.5
2024-07-01,Leggings,12,12,310.45,25.87
2024-07-01,Socks,15,15,292.34,19.49
2024-07-01,Skirts,7,7,244.03,34.86
2024-07-01,Socks & Hosiery,11,11,201.65,18.33
2024-07-01,Jumpsuits & Rompers,3,3,65.77,21.92
2024-07-01,Clothing Sets,1,1,62.99,62.99
2024-08-01,Jeans,50,50,4355.31,87.11
2024-08-01,Outerwear & Coats,19,19,2754.64,144.98
2024-08-01,Sweaters,37,38,2727.87,71.79
2024-08-01,Suits & Sport Coats,18,19,2631.82,138.52
2024-08-01,Sleep & Lounge,45,47,2136.12,45.45
2024-08-01,Swim,33,33,1934.94,58.63
2024-08-01,Fashion Hoodies & Sweatshirts,33,34,1791.28,52.68
2024-08-01,Tops & Tees,38,39,1777.36,45.57
2024-08-01,Intimates,49,52,1600.42,30.78
2024-08-01,Active,32,32,1364.59,42.64
2024-08-01,Shorts,30,31,1332.04,42.97
2024-08-01,Dresses,16,16,1151.42,71.96
2024-08-01,Pants,26,26,1052.61,40.49
2024-08-01,Accessories,29,30,985.96,32.87
2024-08-01,Underwear,26,27,789.01,29.22
2024-08-01,Maternity,14,14,714.15,51.01
2024-08-01,Plus,16,16,678.73,42.42
2024-08-01,Socks,26,27,408.59,15.13
2024-08-01,Pants & Capris,9,9,390.47,43.39
2024-08-01,Blazers & Jackets,7,7,287.37,41.05
2024-08-01,Suits,2,2,201.22,100.61
2024-08-01,Socks & Hosiery,15,15,170.96,11.4
2024-08-01,Leggings,8,8,97.05,12.13
2024-08-01,Skirts,3,3,65.45,21.82
2024-08-01,Jumpsuits & Rompers,1,1,39.99,39.99
2024-09-01,Outerwear & Coats,29,30,4560.64,152.02
2024-09-01,Jeans,36,37,3446.68,93.15
2024-09-01,Fashion Hoodies & Sweatshirts,39,40,2446.83,61.17
2024-09-01,Sweaters,29,31,2402.73,77.51
2024-09-01,Swim,33,33,2145.87,65.03
2024-09-01,Pants,34,37,2020.77,54.62
2024-09-01,Suits & Sport Coats,10,11,1700.56,154.6
2024-09-01,Active,30,32,1663.96,52.0
2024-09-01,Sleep & Lounge,31,32,1624.59,50.77
2024-09-01,Tops & Tees,45,48,1604.49,33.43
2024-09-01,Intimates,50,54,1593.29,29.51
2024-09-01,Accessories,35,35,1429.03,40.83
2024-09-01,Socks,28,28,1414.64,50.52
2024-09-01,Dresses,20,21,1340.96,63.86
2024-09-01,Shorts,24,24,988.63,41.19
2024-09-01,Blazers & Jackets,5,5,937.99,187.6
2024-09-01,Underwear,23,23,570.91,24.82
2024-09-01,Maternity,14,14,568.79,40.63
2024-09-01,Plus,11,13,431.85,33.22
2024-09-01,Jumpsuits & Rompers,6,6,369.09,61.52
2024-09-01,Suits,3,3,223.97,74.66
2024-09-01,Socks & Hosiery,12,13,200.93,15.46
2024-09-01,Skirts,5,5,189.83,37.97
2024-09-01,Pants & Capris,4,4,148.12,37.03
2024-09-01,Leggings,6,6,146.47,24.41
2024-09-01,Clothing Sets,1,1,62.99,62.99
2024-10-01,Jeans,47,47,4358.19,92.73
2024-10-01,Outerwear & Coats,29,30,4016.92,133.9
2024-10-01,Swim,38,40,2363.34,59.08
2024-10-01,Suits & Sport Coats,19,19,2331.6,122.72
2024-10-01,Tops & Tees,51,53,2286.6,43.14
2024-10-01,Sweaters,32,32,2273.9,71.06
2024-10-01,Shorts,49,51,2196.63,43.07
2024-10-01,Fashion Hoodies & Sweatshirts,39,40,2093.69,52.34
2024-10-01,Active,32,33,1939.65,58.78
2024-10-01,Intimates,48,52,1904.34,36.62
2024-10-01,Blazers & Jackets,17,17,1723.42,101.38
2024-10-01,Dresses,21,21,1621.15,77.2
2024-10-01,Pants,22,23,1537.69,66.86
2024-10-01,Sleep & Lounge,32,33,1355.67,41.08
2024-10-01,Accessories,31,31,1103.71,35.6
2024-10-01,Maternity,16,16,1023.93,64.0
2024-10-01,Plus,13,13,543.59,41.81
2024-10-01,Underwear,20,20,505.94,25.3
2024-10-01,Pants & Capris,10,10,475.03,47.5
2024-10-01,Socks,16,16,399.61,24.98
2024-10-01,Suits,2,2,359.6,179.8
2024-10-01,Leggings,13,14,326.35,23.31
2024-10-01,Socks & Hosiery,13,13,203.62,15.66
2024-10-01,Skirts,6,6,185.3,30.88
2024-10-01,Clothing Sets,1,2,139.99,69.99
2024-10-01,Jumpsuits & Rompers,2,2,108.74,54.37
2024-11-01,Outerwear & Coats,34,38,6060.58,159.49
2024-11-01,Jeans,47,50,4230.69,84.61
2024-11-01,Swim,43,45,3295.81,73.24
2024-11-01,Sweaters,42,42,3099.38,73.79
2024-11-01,Suits & Sport Coats,16,16,3059.87,191.24
2024-11-01,Fashion Hoodies & Sweatshirts,48,50,2811.51,56.23
2024-11-01,Intimates,59,67,2344.18,34.99
2024-11-01,Tops & Tees,48,48,2197.0,45.77
2024-11-01,Sleep & Lounge,41,41,1939.65,47.31
2024-11-01,Shorts,36,36,1805.61,50.16
2024-11-01,Blazers & Jackets,16,16,1738.27,108.64
2024-11-01,Accessories,39,39,1421.85,36.46
2024-11-01,Dresses,21,21,1379.73,65.7
2024-11-01,Pants,25,25,1336.55,53.46
2024-11-01,Active,31,31,1082.24,34.91
2024-11-01,Maternity,18,18,799.22,44.4
2024-11-01,Underwear,26,26,747.47,28.75
2024-11-01,Plus,18,19,731.29,38.49
2024-11-01,Socks,22,22,417.56,18.98
2024-11-01,Skirts,9,9,394.94,43.88
2024-11-01,Suits,4,4,364.82,91.21
2024-11-01,Socks & Hosiery,17,17,356.61,20.98
2024-11-01,Pants & Capris,8,8,316.64,39.58
2024-11-01,Leggings,8,8,146.74,18.34
2024-11-01,Jumpsuits & Rompers,3,3,63.12,21.04
2024-12-01,Outerwear & Coats,35,36,4495.69,124.88
2024-12-01,Fashion Hoodies & Sweatshirts,65,67,3746.59,55.92
2024-12-01,Jeans,45,46,3699.76,80.43
2024-12-01,Sweaters,51,51,3297.6,64.66
2024-12-01,Shorts,48,49,2697.95,55.06
2024-12-01,Sleep & Lounge,46,49,2449.27,49.99
2024-12-01,Active,36,37,2288.29,61.85
2024-12-01,Intimates,55,58,2120.03,36.55
2024-12-01,Tops & Tees,50,50,2077.67,41.55
2024-12-01,Dresses,19,20,1904.48,95.22
2024-12-01,Swim,35,35,1765.81,50.45
2024-12-01,Accessories,32,33,1613.72,48.9
2024-12-01,Suits & Sport Coats,18,18,1496.44,83.14
2024-12-01,Pants,31,32,1496.15,46.75
2024-12-01,Maternity,21,21,993.53,47.31
2024-12-01,Underwear,31,31,826.66,26.67
2024-12-01,Leggings,16,16,702.06,43.88
2024-12-01,Blazers & Jackets,13,13,701.6,53.97
2024-12-01,Suits,6,6,680.5,113.42
2024-12-01,Socks,28,29,515.28,17.77
2024-12-01,Pants & Capris,8,8,399.86,49.98
2024-12-01,Skirts,10,10,350.13,35.01
2024-12-01,Plus,15,15,346.83,23.12
2024-12-01,Socks & Hosiery,11,11,157.07,14.28
2024-12-01,Clothing Sets,1,1,109.99,109.99
2024-12-01,Jumpsuits & Rompers,3,3,49.82,16.61
2025-01-01,Outerwear & Coats,43,45,6845.0,152.11
2025-01-01,Jeans,56,57,5958.66,104.54
2025-01-01,Sweaters,48,49,3965.48,80.93
2025-01-01,Fashion Hoodies & Sweatshirts,49,49,3236.76,66.06
2025-01-01,Suits & Sport Coats,26,27,3001.37,111.16
2025-01-01,Accessories,42,43,2324.44,54.06
2025-01-01,Dresses,30,32,2298.54,71.83
2025-01-01,Intimates,55,60,2119.47,35.32
2025-01-01,Sleep & Lounge,49,51,2098.49,41.15
2025-01-01,Shorts,47,47,2090.19,44.47
2025-01-01,Swim,39,41,2003.47,48.87
2025-01-01,Pants,37,38,2000.75,52.65
2025-01-01,Blazers & Jackets,17,17,1740.45,102.38
2025-01-01,Tops & Tees,42,44,1565.75,35.59
2025-01-01,Pants & Capris,19,19,1335.79,70.3
2025-01-01,Active,34,35,1249.68,35.71
2025-01-01,Plus,14,14,913.63,65.26
2025-01-01,Underwear,34,34,849.81,24.99
2025-01-01,Maternity,20,20,794.84,39.74
2025-01-01,Leggings,13,13,500.54,38.5
2025-01-01,Suits,4,4,388.27,97.07
2025-01-01,Socks,23,24,361.96,15.08
2025-01-01,Socks & Hosiery,17,17,283.3,16.66
2025-01-01,Skirts,5,5,109.42,21.88
2025-01-01,Jumpsuits & Rompers,1,1,12.0,12.0
2025-02-01,Jeans,43,44,5005.85,113.77
2025-02-01,Outerwear & Coats,23,24,3469.14,144.55
2025-02-01,Suits & Sport Coats,26,27,3370.2,124.82
2025-02-01,Sweaters,44,46,3330.42,72.4
2025-02-01,Tops & Tees,48,49,2503.05,51.08
2025-02-01,Fashion Hoodies & Sweatshirts,42,43,2248.26,52.29
2025-02-01,Swim,40,41,2185.24,53.3
2025-02-01,Intimates,55,56,1804.69,32.23
2025-02-01,Sleep & Lounge,36,36,1747.48,48.54
2025-02-01,Shorts,35,36,1625.0,45.14
2025-02-01,Dresses,27,28,1530.87,54.67
2025-02-01,Pants,23,24,1475.74,61.49
2025-02-01,Blazers & Jackets,12,12,1451.86,120.99
2025-02-01,Accessories,31,31,1434.94,46.29
2025-02-01,Maternity,22,22,1194.13,54.28
2025-02-01,Active,21,22,1119.07,50.87
2025-02-01,Underwear,34,35,967.37,27.64
2025-02-01,Pants & Capris,15,16,846.14,52.88
2025-02-01,Plus,15,15,617.27,41.15
2025-02-01,Socks,27,28,506.71,18.1
2025-02-01,Suits,4,4,435.69,108.92
2025-02-01,Leggings,12,12,385.99,32.17
2025-02-01,Skirts,7,7,290.78,41.54
2025-02-01,Jumpsuits & Rompers,2,2,147.5,73.75
2025-02-01,Socks & Hosiery,7,7,87.35,12.48
2025-03-01,Outerwear & Coats,42,44,6762.94,153.7
2025-03-01,Jeans,53,55,5316.18,96.66
2025-03-01,Sweaters,43,46,3670.6,79.8
2025-03-01,Suits & Sport Coats,23,23,3332.76,144.9
2025-03-01,Sleep & Lounge,51,52,2920.93,56.17
2025-03-01,Swim,45,46,2781.19,60.46
2025-03-01,Fashion Hoodies & Sweatshirts,46,47,2504.97,53.3
2025-03-01,Active,45,45,2367.49,52.61
2025-03-01,Pants,33,33,2336.54,70.8
2025-03-01,Shorts,47,50,2330.84,46.62
2025-03-01,Intimates,58,65,2256.21,34.71
2025-03-01,Dresses,28,28,2211.33,78.98
2025-03-01,Tops & Tees,47,50,2040.22,40.8
2025-03-01,Accessories,33,33,1438.04,43.58
2025-03-01,Underwear,37,38,1087.9,28.63
2025-03-01,Pants & Capris,15,16,1056.66,66.04
2025-03-01,Leggings,18,18,1052.15,58.45
2025-03-01,Blazers & Jackets,13,13,1009.92,77.69
2025-03-01,Suits,5,5,841.31,168.26
2025-03-01,Maternity,19,19,823.0,43.32
2025-03-01,Socks,30,34,590.09,17.36
2025-03-01,Plus,18,18,567.37,31.52
2025-03-01,Skirts,8,8,242.01,30.25
2025-03-01,Socks & Hosiery,15,15,192.77,12.85
2025-03-01,Jumpsuits & Rompers,2,2,71.0,35.5
2025-03-01,Clothing Sets,1,1,69.99,69.99
2025-04-01,Outerwear & Coats,36,37,7155.57,193.39
2025-04-01,Jeans,52,53,6045.92,114.07
2025-04-01,Sweaters,45,46,3840.48,83.49
2025-04-01,Fashion Hoodies & Sweatshirts,46,47,3162.21,67.28
2025-04-01,Swim,43,44,2677.21,60.85
2025-04-01,Intimates,63,69,2661.96,38.58
2025-04-01,Suits & Sport Coats,16,16,2439.45,152.47
2025-04-01,Sleep & Lounge,28,29,1711.59,59.02
2025-04-01,Tops & Tees,42,42,1697.26,40.41
2025-04-01,Dresses,22,22,1658.0,75.36
2025-04-01,Shorts,39,40,1576.72,39.42
2025-04-01,Accessories,39,40,1537.9,38.45
2025-04-01,Pants,22,23,1485.03,64.57
2025-04-01,Active,36,38,1243.93,32.74
2025-04-01,Maternity,19,19,1185.96,62.42
2025-04-01,Pants & Capris,19,21,1047.24,49.87
2025-04-01,Suits,7,7,1001.09,143.01
2025-04-01,Underwear,31,33,844.93,25.6
2025-04-01,Blazers & Jackets,10,11,782.67,71.15
2025-04-01,Plus,23,23,612.02,26.61
2025-04-01,Socks,21,21,367.59,17.5
2025-04-01,Leggings,9,9,348.14,38.68
2025-04-01,Jumpsuits & Rompers,4,4,292.77,73.19
2025-04-01,Skirts,6,6,279.35,46.56
2025-04-01,Socks & Hosiery,15,15,216.37,14.42
2025-05-01,Jeans,60,62,6580.01,106.13
2025-05-01,Outerwear & Coats,44,47,6360.53,135.33
2025-05-01,Sweaters,58,61,4478.74,73.42
2025-05-01,Swim,57,60,3661.06,61.02
2025-05-01,Shorts,70,71,3135.3,44.16
2025-05-01,Sleep & Lounge,64,65,3054.99,47.0
2025-05-01,Tops & Tees,59,61,2865.03,46.97
2025-05-01,Fashion Hoodies & Sweatshirts,46,46,2759.7,59.99
2025-05-01,Intimates,63,71,2300.07,32.4
2025-05-01,Suits & Sport Coats,16,16,2234.31,139.64
2025-05-01,Pants,35,36,1968.79,54.69
2025-05-01,Dresses,24,25,1821.14,72.85
2025-05-01,Accessories,46,46,1778.64,38.67
2025-05-01,Active,45,45,1757.47,39.05
2025-05-01,Blazers & Jackets,19,20,1585.31,79.27
2025-05-01,Pants & Capris,15,15,1489.74,99.32
2025-05-01,Maternity,26,26,1111.92,42.77
2025-05-01,Underwear,37,38,935.22,24.61
2025-05-01,Suits,8,8,904.55,113.07
2025-05-01,Plus,23,24,704.77,29.37
2025-05-01,Skirts,13,13,661.12,50.86
2025-05-01,Socks,29,31,506.0,16.32
2025-05-01,Leggings,13,14,347.25,24.8
2025-05-01,Socks & Hosiery,15,17,328.16,19.3
2025-05-01,Jumpsuits & Rompers,6,6,207.17,34.53
2025-05-01,Clothing Sets,1,1,120.0,120.0
2025-06-01,Jeans,70,72,7235.02,100.49
2025-06-01,Outerwear & Coats,40,41,6180.98,150.76
2025-06-01,Sweaters,53,54,4847.16,89.76
2025-06-01,Fashion Hoodies & Sweatshirts,48,50,2920.83,58.42
2025-06-01,Swim,48,52,2873.2,55.25
2025-06-01,Shorts,57,58,2587.3,44.61
2025-06-01,Tops & Tees,57,59,2433.68,41.25
2025-06-01,Pants,40,41,2412.69,58.85
2025-06-01,Blazers & Jackets,23,23,2389.36,103.89
2025-06-01,Sleep & Lounge,57,57,2199.2,38.58
2025-06-01,Intimates,59,62,2005.66,32.35
2025-06-01,Dresses,30,31,1990.84,64.22
2025-06-01,Active,43,44,1904.61,43.29
2025-06-01,Accessories,46,47,1679.96,35.74
2025-06-01,Suits & Sport Coats,15,15,1451.33,96.76
2025-06-01,Plus,28,29,1305.83,45.03
2025-06-01,Maternity,19,19,1144.6,60.24
2025-06-01,Underwear,31,31,956.4,30.85
2025-06-01,Pants & Capris,16,16,869.39,54.34
2025-06-01,Skirts,15,15,714.23,47.62
2025-06-01,Socks,35,37,659.08,17.81
2025-06-01,Suits,3,3,293.74,97.91
2025-06-01,Socks & Hosiery,16,16,226.64,14.16
2025-06-01,Clothing Sets,3,3,195.99,65.33
2025-06-01,Leggings,10,10,191.09,19.11
2025-06-01,Jumpsuits & Rompers,4,4,127.85,31.96
2025-07-01,Jeans,54,56,5576.88,99.59
2025-07-01,Sweaters,68,70,5148.68,73.55
2025-07-01,Outerwear & Coats,31,32,4189.61,130.93
2025-07-01,Suits & Sport Coats,18,19,3265.48,171.87
2025-07-01,Swim,53,56,3149.08,56.23
2025-07-01,Tops & Tees,68,68,3008.3,44.24
2025-07-01,Active,40,40,2866.22,71.66
2025-07-01,Fashion Hoodies & Sweatshirts,46,47,2671.5,56.84
2025-07-01,Accessories,60,62,2521.24,40.67
2025-07-01,Sleep & Lounge,57,58,2472.21,42.62
2025-07-01,Intimates,72,75,2196.54,29.29
2025-07-01,Shorts,41,41,2029.19,49.49
2025-07-01,Dresses,22,23,1667.86,72.52
2025-07-01,Pants,27,29,1604.85,55.34
2025-07-01,Blazers & Jackets,22,23,1547.55,67.28
2025-07-01,Maternity,26,27,1537.94,56.96
2025-07-01,Underwear,29,31,854.49,27.56
2025-07-01,Socks,35,37,814.03,22.0
2025-07-01,Skirts,15,16,803.04,50.19
2025-07-01,Leggings,21,22,628.19,28.55
2025-07-01,Pants & Capris,17,17,627.07,36.89
2025-07-01,Socks & Hosiery,21,22,521.86,23.72
2025-07-01,Suits,5,5,446.08,89.22
2025-07-01,Plus,12,12,381.43,31.79
2025-07-01,Jumpsuits & Rompers,5,5,210.22,42.04
2025-08-01,Outerwear & Coats,47,48,9200.28,191.67
2025-08-01,Jeans,63,67,7323.07,109.3
2025-08-01,Sweaters,50,53,4194.02,79.13
2025-08-01,Active,58,60,3794.0,63.23
2025-08-01,Fashion Hoodies & Sweatshirts,70,73,3727.31,51.06
2025-08-01,Suits & Sport Coats,23,24,3585.16,149.38
2025-08-01,Shorts,68,71,3472.09,48.9
2025-08-01,Dresses,31,32,3200.27,100.01
2025-08-01,Accessories,57,58,2718.64,46.87
2025-08-01,Sleep & Lounge,52,53,2609.31,49.23
2025-08-01,Tops & Tees,51,52,2427.62,46.69
2025-08-01,Swim,39,41,2291.57,55.89
2025-08-01,Intimates,60,65,2228.25,34.28
2025-08-01,Pants,29,31,1612.12,52.0
2025-08-01,Blazers & Jackets,17,17,1302.69,76.63
2025-08-01,Underwear,43,44,1191.21,27.07
2025-08-01,Maternity,24,24,1127.76,46.99
2025-08-01,Plus,16,17,1095.77,64.46
2025-08-01,Pants & Capris,17,18,1049.38,58.3
2025-08-01,Suits,8,9,1043.76,115.97
2025-08-01,Skirts,11,11,651.73,59.25
2025-08-01,Socks,25,26,473.69,18.22
2025-08-01,Jumpsuits & Rompers,5,5,341.84,68.37
2025-08-01,Socks & Hosiery,17,17,275.68,16.22
2025-08-01,Leggings,7,7,246.72,35.25
2025-08-01,Clothing Sets,1,1,62.99,62.99
2025-09-01,Outerwear & Coats,45,45,7360.08,163.56
2025-09-01,Jeans,66,71,7209.72,101.55
2025-09-01,Sweaters,66,69,5430.98,78.71
2025-09-01,Fashion Hoodies & Sweatshirts,78,78,4527.96,58.05
2025-09-01,Swim,57,61,4090.77,67.06
2025-09-01,Suits & Sport Coats,29,31,3967.75,127.99
2025-09-01,Sleep & Lounge,69,73,3605.84,49.4
2025-09-01,Shorts,56,56,2908.87,51.94
2025-09-01,Tops & Tees,61,66,2582.18,39.12
2025-09-01,Intimates,66,71,2420.21,34.09
2025-09-01,Accessories,53,54,2221.74,41.14
2025-09-01,Active,54,55,2190.42,39.83
2025-09-01,Dresses,22,22,2177.59,98.98
2025-09-01,Pants,34,34,1968.28,57.89
2025-09-01,Maternity,26,27,1063.67,39.4
2025-09-01,Blazers & Jackets,18,18,1025.68,56.98
2025-09-01,Underwear,37,39,941.51,24.14
2025-09-01,Suits,6,6,810.29,135.05
2025-09-01,Pants & Capris,17,17,802.81,47.22
2025-09-01,Plus,18,18,731.72,40.65
2025-09-01,Socks,28,29,593.59,20.47
2025-09-01,Jumpsuits & Rompers,7,7,457.74,65.39
2025-09-01,Leggings,20,20,376.41,18.82
2025-09-01,Socks & Hosiery,20,20,336.59,16.83
2025-09-01,Skirts,10,10,321.99,32.2
2025-09-01,Clothing Sets,1,1,169.0,169.0
2025-10-01,Jeans,64,66,6844.28,103.7
2025-10-01,Outerwear & Coats,54,56,6330.79,113.05
2025-10-01,Sweaters,68,69,5463.22,79.18
2025-10-01,Shorts,63,65,4108.04,63.2
2025-10-01,Fashion Hoodies & Sweatshirts,68,69,3864.92,56.01
2025-10-01,Swim,67,67,3837.94,57.28
2025-10-01,Sleep & Lounge,62,66,3560.81,53.95
2025-10-01,Intimates,85,93,3211.78,34.54
2025-10-01,Tops & Tees,67,67,3024.28,45.14
2025-10-01,Suits & Sport Coats,23,24,2359.62,98.32
2025-10-01,Active,50,51,2318.94,45.47
2025-10-01,Accessories,46,48,2091.07,43.56
2025-10-01,Pants & Capris,25,25,2084.08,83.36
2025-10-01,Dresses,30,32,2083.97,65.12
2025-10-01,Pants,38,38,1833.33,48.25
2025-10-01,Underwear,56,58,1713.63,29.55
2025-10-01,Maternity,35,35,1627.07,46.49
2025-10-01,Plus,27,29,822.42,28.36
2025-10-01,Skirts,15,16,798.93,49.93
2025-10-01,Blazers & Jackets,13,13,762.68,58.67
2025-10-01,Suits,7,7,756.13,108.02
2025-10-01,Leggings,18,18,510.91,28.38
2025-10-01,Socks & Hosiery,26,27,444.1,16.45
2025-10-01,Socks,25,26,431.36,16.59
2025-10-01,Jumpsuits & Rompers,6,6,145.5,24.25
2025-11-01,Outerwear & Coats,57,58,8839.12,152.4
2025-11-01,Jeans,54,62,6687.3,107.86
2025-11-01,Sweaters,59,63,4906.26,77.88
2025-11-01,Suits & Sport Coats,30,30,3998.99,133.3
2025-11-01,Swim,58,59,3455.57,58.57
2025-11-01,Fashion Hoodies & Sweatshirts,54,54,3352.26,62.08
2025-11-01,Dresses,34,34,2821.67,82.99
2025-11-01,Intimates,70,76,2643.0,34.78
2025-11-01,Shorts,53,54,2635.65,48.81
2025-11-01,Sleep & Lounge,56,59,2504.54,42.45
2025-11-01,Tops & Tees,49,52,2111.36,40.6
2025-11-01,Active,47,49,1881.66,38.4
2025-11-01,Blazers & Jackets,20,20,1681.59,84.08
2025-11-01,Accessories,36,37,1207.45,32.63
2025-11-01,Maternity,27,29,1179.44,40.67
2025-11-01,Plus,18,18,1176.94,65.39
2025-11-01,Underwear,42,44,1171.98,26.64
2025-11-01,Pants,21,21,983.36,46.83
2025-11-01,Skirts,11,11,807.65,73.42
2025-11-01,Pants & Capris,13,13,688.35,52.95
2025-11-01,Socks,30,31,522.35,16.85
2025-11-01,Socks & Hosiery,20,21,325.06,15.48
2025-11-01,Suits,4,4,294.52,73.63
2025-11-01,Leggings,11,11,270.83,24.62
2025-11-01,Jumpsuits & Rompers,3,3,112.19,37.4
2025-11-01,Clothing Sets,1,1,57.99,57.99
2025-12-01,Outerwear & Coats,51,54,7143.59,132.29
2025-12-01,Jeans,57,60,5755.87,95.93
2025-12-01,Sweaters,62,63,4374.26,69.43
2025-12-01,Suits & Sport Coats,26,26,4053.17,155.89
2025-12-01,Swim,61,66,4015.28,60.84
2025-12-01,Fashion Hoodies & Sweatshirts,78,78,3860.01,49.49
2025-12-01,Shorts,79,79,3803.65,48.15
2025-12-01,Sleep & Lounge,68,74,3323.2,44.91
2025-12-01,Pants,44,47,3161.37,67.26
2025-12-01,Tops & Tees,81,84,3030.66,36.08
2025-12-01,Blazers & Jackets,23,23,2842.92,123.61
2025-12-01,Intimates,73,75,2525.36,33.67
2025-12-01,Accessories,54,56,2485.47,44.38
2025-12-01,Dresses,24,24,2225.27,92.72
2025-12-01,Active,50,51,2140.81,41.98
2025-12-01,Maternity,27,27,1625.13,60.19
2025-12-01,Suits,13,13,1350.56,103.89
2025-12-01,Underwear,48,49,1295.62,26.44
2025-12-01,Pants & Capris,21,21,1102.97,52.52
2025-12-01,Plus,25,26,1080.56,41.56
2025-12-01,Socks,41,42,794.29,18.91
2025-12-01,Socks & Hosiery,24,24,458.77,19.12
2025-12-01,Skirts,12,12,431.83,35.99
2025-12-01,Leggings,17,17,297.9,17.52
2025-12-01,Jumpsuits & Rompers,3,3,160.07,53.36
2026-01-01,Jeans,87,89,8962.2,100.7
2026-01-01,Outerwear & Coats,56,57,8613.52,151.11
2026-01-01,Sweaters,61,63,5486.64,87.09
2026-01-01,Suits & Sport Coats,47,48,5435.68,113.24
2026-01-01,Swim,67,69,4588.48,66.5
2026-01-01,Fashion Hoodies & Sweatshirts,79,79,4359.24,55.18
2026-01-01,Accessories,73,73,3513.65,48.13
2026-01-01,Shorts,62,64,3375.03,52.73
2026-01-01,Sleep & Lounge,66,67,3325.71,49.64
2026-01-01,Intimates,84,95,3059.7,32.21
2026-01-01,Active,59,62,3040.58,49.04
2026-01-01,Dresses,35,36,2964.02,82.33
2026-01-01,Tops & Tees,68,68,2755.51,40.52
2026-01-01,Pants,44,47,2697.48,57.39
2026-01-01,Pants & Capris,24,25,1937.76,77.51
2026-01-01,Maternity,30,30,1729.4,57.65
2026-01-01,Blazers & Jackets,15,15,1623.96,108.26
2026-01-01,Underwear,43,43,1018.02,23.67
2026-01-01,Plus,23,23,735.61,31.98
2026-01-01,Socks,34,35,695.29,19.87
2026-01-01,Skirts,11,11,437.52,39.77
2026-01-01,Suits,3,3,413.99,138.0
2026-01-01,Leggings,19,19,382.99,20.16
2026-01-01,Socks & Hosiery,18,18,287.19,15.96
2026-01-01,Jumpsuits & Rompers,3,3,115.13,38.38
2026-02-01,Jeans,80,82,8010.96,97.69
2026-02-01,Sweaters,90,91,7212.46,79.26
2026-02-01,Outerwear & Coats,47,49,6417.63,130.97
2026-02-01,Intimates,102,108,3984.29,36.89
2026-02-01,Shorts,77,80,3592.09,44.9
2026-02-01,Swim,60,61,3567.14,58.48
2026-02-01,Fashion Hoodies & Sweatshirts,69,69,3560.97,51.61
2026-02-01,Suits & Sport Coats,28,28,3315.54,118.41
2026-02-01,Active,62,65,3287.42,50.58
2026-02-01,Tops & Tees,73,74,3118.48,42.14
2026-02-01,Sleep & Lounge,54,57,2981.18,52.3
2026-02-01,Dresses,38,39,2483.14,63.67
2026-02-01,Accessories,57,57,2287.63,40.13
2026-02-01,Blazers & Jackets,33,33,2266.97,68.7
2026-02-01,Pants,39,39,2103.96,53.95
2026-02-01,Pants & Capris,30,30,1764.44,58.81
2026-02-01,Maternity,38,39,1747.09,44.8
2026-02-01,Underwear,38,40,1203.47,30.09
2026-02-01,Socks,41,42,783.23,18.65
2026-02-01,Suits,7,7,722.48,103.21
2026-02-01,Plus,28,28,660.98,23.61
2026-02-01,Skirts,8,8,593.83,74.23
2026-02-01,Socks & Hosiery,30,31,539.4,17.4
2026-02-01,Leggings,16,17,462.92,27.23
2026-02-01,Jumpsuits & Rompers,5,5,344.98,69.0
2026-03-01,Outerwear & Coats,68,71,10671.85,150.31
2026-03-01,Jeans,95,97,9962.83,102.71
2026-03-01,Suits & Sport Coats,37,39,6212.18,159.29
2026-03-01,Sweaters,78,78,5828.53,74.72
2026-03-01,Fashion Hoodies & Sweatshirts,90,94,5314.28,56.53
2026-03-01,Swim,83,85,4841.69,56.96
2026-03-01,Active,69,69,4155.2,60.22
2026-03-01,Shorts,83,84,3681.4,43.83
2026-03-01,Dresses,42,42,3661.25,87.17
2026-03-01,Intimates,105,114,3472.16,30.46
2026-03-01,Tops & Tees,77,82,3229.62,39.39
2026-03-01,Pants,52,55,3000.1,54.55
2026-03-01,Accessories,69,69,2896.82,41.98
2026-03-01,Sleep & Lounge,62,63,2792.8,44.33
2026-03-01,Blazers & Jackets,27,27,2005.0,74.26
2026-03-01,Maternity,33,33,1488.11,45.09
2026-03-01,Underwear,44,45,1395.63,31.01
2026-03-01,Plus,33,33,1164.32,35.28
2026-03-01,Socks,49,51,941.0,18.45
2026-03-01,Pants & Capris,17,18,915.07,50.84
2026-03-01,Leggings,27,27,830.93,30.78
2026-03-01,Skirts,17,17,690.97,40.65
2026-03-01,Suits,6,6,650.92,108.49
2026-03-01,Socks & Hosiery,31,31,434.93,14.03
2026-03-01,Jumpsuits & Rompers,6,6,262.25,43.71
2026-03-01,Clothing Sets,1,1,38.99,38.99
2026-04-01,Outerwear & Coats,64,66,10204.38,154.61
2026-04-01,Jeans,81,84,8271.59,98.47
2026-04-01,Sweaters,63,65,5776.24,88.87
2026-04-01,Sleep & Lounge,89,90,5067.45,56.31
2026-04-01,Suits & Sport Coats,36,37,4379.56,118.37
2026-04-01,Fashion Hoodies & Sweatshirts,86,86,4369.27,50.81
2026-04-01,Swim,72,73,4063.39,55.66
2026-04-01,Accessories,77,80,3547.51,44.34
2026-04-01,Tops & Tees,85,86,3503.23,40.74
2026-04-01,Pants,53,54,3443.86,63.78
2026-04-01,Shorts,80,82,3352.05,40.88
2026-04-01,Intimates,89,97,3150.7,32.48
2026-04-01,Active,61,62,2539.22,40.96
2026-04-01,Maternity,46,49,2276.28,46.45
2026-04-01,Blazers & Jackets,26,27,2227.45,82.5
2026-04-01,Dresses,30,31,1861.36,60.04
2026-04-01,Underwear,51,51,1342.97,26.33
2026-04-01,Plus,24,25,1339.49,53.58
2026-04-01,Socks,52,55,1101.9,20.03
2026-04-01,Pants & Capris,20,20,995.12,49.76
2026-04-01,Suits,6,6,807.67,134.61
2026-04-01,Leggings,27,27,683.63,25.32
2026-04-01,Skirts,12,12,477.13,39.76
2026-04-01,Socks & Hosiery,32,32,470.05,14.69
2026-04-01,Jumpsuits & Rompers,8,8,275.85,34.48
2026-05-01,Jeans,115,118,11879.09,100.67
2026-05-01,Outerwear & Coats,75,78,10259.72,131.53
2026-05-01,Sweaters,100,101,6704.58,66.38
2026-05-01,Swim,103,107,6064.25,56.68
2026-05-01,Suits & Sport Coats,42,42,5640.29,134.29
2026-05-01,Fashion Hoodies & Sweatshirts,106,107,5500.03,51.4
2026-05-01,Shorts,101,104,5389.24,51.82
2026-05-01,Tops & Tees,106,110,5070.07,46.09
2026-05-01,Sleep & Lounge,98,102,4412.34,43.26
2026-05-01,Intimates,107,118,4061.17,34.42
2026-05-01,Accessories,87,89,4023.76,45.21
2026-05-01,Dresses,49,50,3902.06,78.04
2026-05-01,Active,76,78,3517.63,45.1
2026-05-01,Blazers & Jackets,29,29,2948.44,101.67
2026-05-01,Pants,50,53,2907.04,54.85
2026-05-01,Maternity,35,37,2128.07,57.52
2026-05-01,Plus,42,43,1390.87,32.35
2026-05-01,Underwear,53,54,1385.15,25.65
2026-05-01,Pants & Capris,27,27,1160.66,42.99
2026-05-01,Suits,7,7,921.42,131.63
2026-05-01,Socks,46,48,876.09,18.25
2026-05-01,Skirts,21,21,856.89,40.8
2026-05-01,Socks & Hosiery,36,36,575.01,15.97
2026-05-01,Leggings,20,21,386.11,18.39
2026-05-01,Jumpsuits & Rompers,7,7,211.74,30.25
2026-06-01,Jeans,120,124,13335.3,107.54
2026-06-01,Outerwear & Coats,81,83,11368.96,136.98
2026-06-01,Sweaters,94,96,7552.72,78.67
2026-06-01,Active,82,85,6239.7,73.41
2026-06-01,Shorts,85,89,5656.26,63.55
2026-06-01,Swim,88,91,5334.84,58.62
2026-06-01,Fashion Hoodies & Sweatshirts,94,95,5308.41,55.88
2026-06-01,Pants,65,72,4938.7,68.59
2026-06-01,Suits & Sport Coats,38,38,4825.45,126.99
2026-06-01,Intimates,136,144,4818.62,33.46
2026-06-01,Sleep & Lounge,93,96,4264.8,44.43
2026-06-01,Dresses,47,47,4109.23,87.43
2026-06-01,Tops & Tees,91,95,3651.91,38.44
2026-06-01,Accessories,88,89,3306.97,37.16
2026-06-01,Maternity,45,45,2587.55,57.5
2026-06-01,Blazers & Jackets,27,27,2128.07,78.82
2026-06-01,Underwear,62,64,1759.24,27.49
2026-06-01,Leggings,37,38,1508.29,39.69
2026-06-01,Suits,14,14,1470.17,105.01
2026-06-01,Pants & Capris,29,31,1441.29,46.49
2026-06-01,Skirts,21,21,1334.14,63.53
2026-06-01,Plus,33,34,1071.74,31.52
2026-06-01,Socks,55,58,1037.03,17.88
2026-06-01,Socks & Hosiery,28,28,408.27,14.58
2026-06-01,Clothing Sets,3,3,385.99,128.66
2026-06-01,Jumpsuits & Rompers,10,10,271.05,27.11
2026-07-01,Jeans,133,139,13401.09,96.41
2026-07-01,Outerwear & Coats,109,110,12344.98,112.23
2026-07-01,Sweaters,117,123,9634.69,78.33
2026-07-01,Fashion Hoodies & Sweatshirts,107,111,6025.72,54.29
2026-07-01,Swim,100,102,5915.44,57.99
2026-07-01,Suits & Sport Coats,44,45,5218.72,115.97
2026-07-01,Pants,79,82,5122.35,62.47
2026-07-01,Shorts,114,118,4888.9,41.43
2026-07-01,Accessories,92,96,4653.2,48.47
2026-07-01,Dresses,51,53,4589.87,86.6
2026-07-01,Sleep & Lounge,96,99,4446.16,44.91
2026-07-01,Active,86,89,4338.84,48.75
2026-07-01,Intimates,114,125,4162.8,33.3
2026-07-01,Tops & Tees,90,93,3789.43,40.75
2026-07-01,Maternity,64,64,2866.88,44.79
2026-07-01,Underwear,67,69,1836.67,26.62
2026-07-01,Plus,50,50,1438.83,28.78
2026-07-01,Blazers & Jackets,21,21,1377.01,65.57
2026-07-01,Socks,71,74,1316.93,17.8
2026-07-01,Leggings,43,44,927.27,21.07
2026-07-01,Socks & Hosiery,43,43,908.85,21.14
2026-07-01,Pants & Capris,25,25,892.21,35.69
2026-07-01,Skirts,16,16,669.59,41.85
2026-07-01,Suits,5,5,514.14,102.83
2026-07-01,Jumpsuits & Rompers,10,10,466.15,46.62
2026-07-01,Clothing Sets,1,1,109.99,109.99
2026-08-01,Outerwear & Coats,93,94,13983.91,148.76
2026-08-01,Jeans,126,127,11647.97,91.72
2026-08-01,Sweaters,117,120,9096.48,75.8
2026-08-01,Swim,105,110,7334.43,66.68
2026-08-01,Fashion Hoodies & Sweatshirts,123,123,6402.07,52.05
2026-08-01,Sleep & Lounge,114,118,6346.94,53.79
2026-08-01,Dresses,68,70,6330.48,90.44
2026-08-01,Active,101,102,6279.19,61.56
2026-08-01,Tops & Tees,138,142,6244.71,43.98
2026-08-01,Shorts,116,117,5684.21,48.58
2026-08-01,Suits & Sport Coats,39,41,5432.22,132.49
2026-08-01,Intimates,135,142,4614.44,32.5
2026-08-01,Pants,70,74,4354.36,58.84
2026-08-01,Accessories,108,111,3497.97,31.51
2026-08-01,Blazers & Jackets,35,36,3361.98,93.39
2026-08-01,Plus,46,46,2373.7,51.6
2026-08-01,Pants & Capris,39,40,2252.37,56.31
2026-08-01,Underwear,74,77,2061.05,26.77
2026-08-01,Maternity,36,36,2034.01,56.5
2026-08-01,Skirts,25,25,1536.48,61.46
2026-08-01,Suits,12,12,1439.4,119.95
2026-08-01,Socks,73,75,1420.08,18.93
2026-08-01,Leggings,32,33,897.08,27.18
2026-08-01,Socks & Hosiery,40,41,722.53,17.62
2026-08-01,Jumpsuits & Rompers,11,11,553.29,50.3
2026-08-01,Clothing Sets,1,1,22.99,22.99
2026-09-01,Outerwear & Coats,185,187,26134.21,139.76
2026-09-01,Jeans,242,253,23751.22,93.88
2026-09-01,Sweaters,211,216,15810.49,73.2
2026-09-01,Swim,223,228,13321.8,58.43
2026-09-01,Fashion Hoodies & Sweatshirts,223,230,13088.06,56.9
2026-09-01,Suits & Sport Coats,97,99,12283.66,124.08
2026-09-01,Shorts,220,231,10458.91,45.28
2026-09-01,Sleep & Lounge,202,209,10339.67,49.47
2026-09-01,Tops & Tees,235,242,10117.56,41.81
2026-09-01,Dresses,109,111,9432.85,84.98
2026-09-01,Pants,148,157,8860.13,56.43
2026-09-01,Active,169,171,8605.92,50.33
2026-09-01,Blazers & Jackets,74,75,7954.32,106.06
2026-09-01,Accessories,177,183,7481.16,40.88
2026-09-01,Intimates,202,213,6788.92,31.87
2026-09-01,Maternity,114,115,5580.16,48.52
2026-09-01,Underwear,156,161,4422.5,27.47
2026-09-01,Pants & Capris,63,63,3496.54,55.5
2026-09-01,Plus,74,75,2601.79,34.69
2026-09-01,Socks,117,122,2388.26,19.58
2026-09-01,Skirts,39,39,2070.58,53.09
2026-09-01,Suits,16,16,1898.99,118.69
2026-09-01,Leggings,63,63,1630.29,25.88
2026-09-01,Socks & Hosiery,65,66,1049.86,15.91
2026-09-01,Jumpsuits & Rompers,16,17,535.53,31.5
2026-09-01,Clothing Sets,3,3,185.84,61.95