month,revenue,total_orders,items_sold,revenue_change_pct
2019-01-01,59.95,1,1,
2019-02-01,196.74,5,5,228.17347789824854
2019-03-01,538.53,15,17,173.72674595913384
2019-04-01,825.9499999999999,15,16,53.37121423133344
2019-05-01,920.71,21,21,11.472849446092393
2019-06-01,1866.09,25,26,102.67945389970782
2019-07-01,1985.05,34,34,6.3748265089036416
2019-08-01,2932.85,37,39,47.74690813833404
2019-09-01,1377.92,28,30,-53.017713145916076
2019-10-01,2949.05,52,52,114.02185903390615
2019-11-01,4535.43,57,58,53.792916362896534
2019-12-01,4286.01,76,79,-5.4993683068639605
2020-01-01,2890.98,57,58,-32.5484541566632
2020-02-01,3242.43,64,64,12.156777286594856
2020-03-01,5083.79,84,85,56.789506635455524
2020-04-01,3802.8199999999997,71,73,-25.197146223585165
2020-05-01,3880.86,79,81,2.0521612908315445
2020-06-01,7062.34,106,108,81.97873667176863
2020-07-01,6495.62,95,98,-8.02453577709371
2020-08-01,6478.29,94,96,-0.2667951635101806
2020-09-01,6318.99,100,103,-2.45898223142218
2020-10-01,7712.98,126,127,22.06032926148007
2020-11-01,5947.42,113,115,-22.890763362539502
2020-12-01,8318.42,145,148,39.86602594065998
2021-01-01,11335.98,189,198,36.27563888334562
2021-02-01,8255.79,152,156,-27.17180164396902
2021-03-01,10338.92,180,188,25.232352082598997
2021-04-01,7399.46,136,142,-28.431016005540233
2021-05-01,14026.529999999999,192,202,89.56153557151467
2021-06-01,11106.55,189,196,-20.817550741345148
2021-07-01,11386.98,195,208,2.5249064741076133
2021-08-01,12612.66,181,194,10.763872422714371
2021-09-01,12904.449999999999,223,230,2.313469165108706
2021-10-01,9922.04,173,174,-23.11148479787979
2021-11-01,12887.640000000001,195,196,29.88901475906165
2021-12-01,14931.98,227,239,15.862795670890861
2022-01-01,15509.74,243,254,3.869279224858335
2022-02-01,12710.83,217,223,-18.046143906990054
2022-03-01,12150.49,201,206,-4.40836672349485
2022-04-01,13563.69,245,259,11.63080665882612
2022-05-01,18878.33,290,298,39.18284773538765
2022-06-01,15807.47,238,243,-16.266587139858245
2022-07-01,18477.22,305,314,16.889166957141157
2022-08-01,17844.31,298,306,-3.4253529481166556
2022-09-01,20025.16,289,297,12.221542889582171
2022-10-01,22073.53,338,349,10.228981940718572
2022-11-01,17948.83,306,316,-18.686182047003797
2022-12-01,20135.12,342,357,12.180682529167619
2023-01-01,20965.28,331,342,4.122945381005927
2023-02-01,16853.47,307,316,-19.61247357535887
2023-03-01,23699.42,395,403,40.62041822841229
2023-04-01,25018.52,377,392,5.565958998152709
2023-05-01,25940.34,411,433,3.684550485000715
2023-06-01,24634.53,361,374,-5.033897011373023
2023-07-01,24369.67,399,417,-1.0751575126458746
2023-08-01,22167.05,380,392,-9.038366132984155
2023-09-01,24018.62,405,422,8.35280292145324
2023-10-01,31465.82,470,495,31.005944554682998
2023-11-01,28111.84,461,471,-10.659121548397598
2023-12-01,26772.83,443,460,-4.763153176739754
2024-01-01,32706.59,557,573,22.163364874015933
2024-02-01,25096.51,434,441,-23.267726779220954
2024-03-01,29881.46,499,515,19.066196853666106
2024-04-01,30068.34,522,540,0.6254045150404286
2024-05-01,33343.26,547,562,10.891588960348342
2024-06-01,32281.18,548,560,-3.185291420215064
2024-07-01,38599.31,615,633,19.57217796871118
2024-08-01,31439.37,582,595,-18.54939894003287
2024-09-01,34234.61,563,586,8.890890625352865
2024-10-01,37378.2,619,636,9.182491052183739
2024-11-01,42141.33,679,699,12.743069489702563
2024-12-01,40982.78,729,745,-2.7492013185155817
2025-01-01,48048.06,764,786,17.239630888875766
2025-02-01,39780.74,651,667,-17.206355469919078
2025-03-01,49874.409999999996,775,804,25.373258516558515
2025-04-01,45871.36,693,715,-8.026260360774184
2025-05-01,53656.99,892,925,16.97274726539608
2025-06-01,51796.659999999996,866,889,-3.467078567023607
2025-07-01,50739.54,865,893,-2.0409037957273557
2025-08-01,61246.93,889,924,20.7084849409356
2025-09-01,60293.39,964,998,-1.5568780345398547
2025-10-01,61029.8,1038,1071,1.2213776667724385
2025-11-01,56317.08,878,914,-7.721998105843375
2025-12-01,63338.59,1062,1094,12.467816158082057
2026-01-01,71554.3,1111,1142,12.971097083152628
2026-02-01,67012.68,1150,1179,-6.3470958418990975
2026-03-01,80538.83,1301,1337,20.184463597038672
2026-04-01,75527.35,1270,1305,-6.2224395363081335
2026-05-01,92171.72,1538,1587,22.037540043441204
2026-06-01,100114.7,1566,1617,8.617588995843839
2026-07-01,101856.71,1748,1807,1.740014203708351
2026-08-01,115924.34,1877,1924,13.811196140146276
2026-09-01,210289.22,3443,3545,81.40212831921234
